Distance L-deH,Bulk Modulus L-deH,Distance LH,Bulk Modulus LH,Distance L-deM,Bulk Modulus L-deM,Distance LM,Bulk Modulus LM,Distance de-LMH,Bulk Modulus de-LMH,Distance LMH,Bulk Modulus LMH
736.86,619.31,837.48,1233.2,697.66,2439.3,533.35,7841,655,1305.5,785.88,1328.9
735.75,627,836.76,1251.5,697.37,2474.2,533.28,7946,654.6,1320.4,785.33,1346.4
734.64,634.78,836.05,1270,697.09,2509,533.22,8049.2,654.2,1335.6,784.78,1364.2
733.53,642.65,835.33,1288.7,696.8,2543.7,533.16,8150.2,653.79,1350.8,784.23,1382.1
732.42,650.62,834.62,1307.7,696.52,2578.4,533.09,8249.1,653.39,1366.3,783.68,1400.3
731.31,658.68,833.9,1326.8,696.23,2613,533.03,8345.8,652.98,1381.9,783.12,1418.6
730.2,666.84,833.19,1346.2,695.95,2647.6,532.97,8440.1,652.58,1397.8,782.57,1437.1
729.09,675.1,832.47,1365.8,695.66,2682,532.9,8532.1,652.17,1413.8,782.02,1455.9
727.98,683.45,831.76,1385.6,695.37,2716.3,532.84,8621.5,651.77,1430,781.47,1474.9
726.88,691.9,831.04,1405.6,695.08,2750.4,532.77,8708.4,651.37,1446.4,780.92,1494
725.77,700.45,830.33,1425.9,694.8,2784.5,532.71,8792.7,650.96,1463,780.37,1513.4
724.66,709.11,829.61,1446.4,694.51,2818.3,532.64,8874.3,650.56,1479.8,779.81,1533
723.55,717.86,828.89,1467.2,694.22,2852,532.58,8953.3,650.15,1496.8,779.26,1552.8
722.44,726.72,828.18,1488.1,693.93,2885.5,532.51,9029.5,649.75,1513.9,778.71,1572.8
721.33,735.69,827.46,1509.3,693.64,2918.8,532.45,9102.9,649.34,1531.3,778.16,1593
720.22,744.76,826.74,1530.8,693.34,2952,532.38,9173.6,648.94,1548.9,777.6,1613.5
719.11,753.94,826.02,1552.4,693.05,2984.9,532.31,9241.5,648.54,1566.7,777.05,1634.1
718,763.23,825.3,1574.3,692.76,3017.5,532.24,9306.6,648.13,1584.7,776.5,1655
716.89,772.62,824.58,1596.5,692.46,3050,532.18,9368.9,647.73,1602.9,775.94,1676.1
715.78,782.13,823.86,1618.9,692.16,3082.2,532.11,9428.5,647.32,1621.4,775.39,1697.5
714.67,791.75,823.14,1641.5,691.87,3114.1,532.04,9485.2,646.92,1640,774.83,1719
713.56,801.48,822.42,1664.4,691.57,3145.8,531.97,9539.3,646.52,1658.9,774.28,1740.8
712.45,811.33,821.7,1687.5,691.27,3177.2,531.9,9590.6,646.11,1678,773.72,1762.8
711.34,821.3,820.98,1710.9,690.97,3208.4,531.83,9639.2,645.71,1697.3,773.17,1785.1
710.23,831.38,820.25,1734.5,690.66,3239.3,531.76,9685.2,645.3,1716.9,772.61,1807.6
709.12,841.58,819.53,1758.4,690.36,3269.9,531.69,9728.6,644.9,1736.7,772.06,1830.3
708.01,851.9,818.8,1782.5,690.05,3300.2,531.61,9769.4,644.5,1756.7,771.5,1853.2
706.9,862.34,818.08,1806.8,689.74,3330.2,531.54,9807.8,644.09,1776.9,770.94,1876.4
705.79,872.9,817.35,1831.5,689.43,3359.9,531.47,9843.6,643.69,1797.4,770.39,1899.9
704.68,883.59,816.62,1856.4,689.12,3389.3,531.39,9877.1,643.28,1818.2,769.83,1923.5
703.56,894.4,815.9,1881.5,688.81,3418.5,531.31,9908.3,642.88,1839.2,769.27,1947.5
702.45,905.34,815.17,1906.9,688.49,3447.3,531.24,9937.2,642.48,1860.4,768.71,1971.6
701.34,916.41,814.44,1932.6,688.18,3475.8,531.16,9963.9,642.07,1881.9,768.16,1996.1
700.23,927.6,813.7,1958.5,687.86,3504,531.08,9988.5,641.67,1903.6,767.6,2020.7
699.12,938.93,812.97,1984.7,687.54,3531.9,531,10011,641.27,1925.6,767.04,2045.6
698.01,950.39,812.24,2011.1,687.21,3559.4,530.92,10032,640.86,1947.9,766.48,2070.8
696.9,961.98,811.5,2037.9,686.89,3586.7,530.84,10050,640.46,1970.4,765.92,2096.2
695.78,973.71,810.77,2064.8,686.56,3613.7,530.76,10067,640.06,1993.2,765.35,2121.9
694.67,985.58,810.03,2092.1,686.23,3640.3,530.68,10082,639.65,2016.3,764.79,2147.9
693.56,997.58,809.29,2119.6,685.9,3666.7,530.59,10095,639.25,2039.6,764.23,2174.1
692.45,1009.7,808.55,2147.4,685.57,3692.7,530.51,10107,638.85,2063.2,763.67,2200.6
691.33,1022,807.81,2175.5,685.23,3718.5,530.42,10117,638.44,2087.1,763.1,2227.3
690.22,1034.4,807.07,2203.9,684.89,3743.9,530.33,10126,638.04,2111.3,762.54,2254.3
689.11,1047,806.33,2232.5,684.55,3769.1,530.25,10133,637.64,2135.8,761.97,2281.6
688,1059.7,805.58,2261.4,684.2,3793.9,530.16,10139,637.24,2160.5,761.41,2309.1
686.88,1072.6,804.84,2290.6,683.86,3818.5,530.07,10144,636.83,2185.6,760.84,2337
685.77,1085.6,804.09,2320.1,683.51,3842.8,529.97,10147,636.43,2210.9,760.28,2365
684.66,1098.8,803.34,2349.9,683.15,3866.8,529.88,10149,636.03,2236.6,759.71,2393.4
683.54,1112.1,802.59,2379.9,682.8,3890.5,529.79,10151,635.63,2262.6,759.14,2422.1
682.43,1125.6,801.84,2410.3,682.44,3914,529.69,10151,635.22,2288.8,758.57,2451
681.31,1139.2,801.08,2440.9,682.08,3937.2,529.59,10150,634.82,2315.4,758,2480.2
680.2,1153,800.33,2471.9,681.71,3960.1,529.49,10149,634.42,2342.3,757.43,2509.7
679.08,1166.9,799.57,2503.1,681.34,3982.8,529.39,10147,634.02,2369.6,756.86,2539.5
677.97,1181,798.81,2534.6,680.97,4005.2,529.29,10143,633.61,2397.1,756.29,2569.6
676.85,1195.3,798.05,2566.4,680.6,4027.4,529.19,10140,633.21,2425,755.72,2600
675.74,1209.7,797.29,2598.5,680.22,4049.3,529.09,10135,632.81,2453.2,755.14,2630.7
674.62,1224.3,796.53,2630.9,679.84,4071,528.98,10130,632.41,2481.7,754.57,2661.6
673.51,1239.1,795.76,2663.6,679.45,4092.5,528.87,10125,632.01,2510.6,754,2692.9
672.39,1254,795,2696.7,679.06,4113.8,528.76,10119,631.6,2539.9,753.42,2724.5
671.28,1269.1,794.23,2730,678.67,4134.8,528.65,10112,631.2,2569.5,752.84,2756.3
670.16,1284.4,793.46,2763.6,678.28,4155.7,528.54,10105,630.8,2599.4,752.27,2788.5
669.04,1299.9,792.68,2797.6,677.88,4176.3,528.43,10098,630.4,2629.7,751.69,2821
667.93,1315.5,791.91,2831.8,677.48,4196.8,528.31,10091,630,2660.4,751.11,2853.8
666.81,1331.3,791.13,2866.4,677.07,4217,528.2,10083,629.6,2691.4,750.53,2886.9
665.69,1347.3,790.36,2901.3,676.66,4237.1,528.08,10075,629.2,2722.8,749.95,2920.3
664.57,1363.5,789.57,2936.5,676.24,4257,527.96,10067,628.8,2754.6,749.37,2954
663.45,1379.9,788.79,2972,675.83,4276.7,527.84,10059,628.39,2786.8,748.78,2988.1
662.34,1396.4,788.01,3007.8,675.4,4296.3,527.71,10050,627.99,2819.3,748.2,3022.5
661.22,1413.1,787.22,3044,674.98,4315.8,527.59,10042,627.59,2852.3,747.62,3057.2
660.1,1430.1,786.43,3080.5,674.55,4335,527.46,10033,627.19,2885.6,747.03,3092.2
658.98,1447.2,785.64,3117.3,674.11,4354.2,527.33,10025,626.79,2919.3,746.44,3127.5
657.86,1464.5,784.85,3154.4,673.67,4373.2,527.2,10016,626.39,2953.5,745.86,3163.2
656.74,1482,784.05,3191.9,673.23,4392.1,527.07,10008,625.99,2988,745.27,3199.2
655.62,1499.7,783.26,3229.7,672.78,4410.8,526.93,9999.2,625.59,3023,744.68,3235.6
654.5,1517.6,782.46,3267.9,672.33,4429.5,526.79,9990.8,625.19,3058.4,744.09,3272.3
653.38,1535.8,781.66,3306.3,671.87,4448,526.65,9982.6,624.79,3094.2,743.5,3309.3
652.26,1554.1,780.85,3345.2,671.41,4466.4,526.51,9974.5,624.39,3130.4,742.9,3346.7
651.14,1572.6,780.05,3384.3,670.94,4484.8,526.37,9966.5,623.99,3167.1,742.31,3384.4
650.02,1591.4,779.24,3423.8,670.47,4503,526.23,9958.7,623.59,3204.3,741.71,3422.5
648.9,1610.3,778.42,3463.7,670,4521.2,526.08,9951.2,623.19,3241.8,741.12,3460.9
647.77,1629.5,777.61,3503.9,669.52,4539.3,525.93,9943.8,622.79,3279.9,740.52,3499.7
646.65,1648.9,776.79,3544.4,669.03,4557.3,525.78,9936.6,622.39,3318.3,739.92,3538.8
645.53,1668.5,775.98,3585.3,668.54,4575.3,525.62,9929.7,622,3357.3,739.32,3578.3
644.41,1688.3,775.15,3626.6,668.05,4593.2,525.47,9923.1,621.6,3396.7,738.72,3618.1
643.28,1708.3,774.33,3668.2,667.55,4611,525.31,9916.7,621.2,3436.6,738.12,3658.3
642.16,1728.6,773.5,3710.2,667.04,4628.8,525.15,9910.7,620.8,3477,737.52,3698.9
641.03,1749.1,772.67,3752.5,666.53,4646.6,524.99,9904.9,620.4,3517.9,736.91,3739.8
639.91,1769.8,771.84,3795.2,666.02,4664.3,524.82,9899.4,620,3559.2,736.31,3781.1
638.78,1790.8,771.01,3838.3,665.49,4682,524.66,9894.3,619.6,3601.1,735.7,3822.8
637.66,1812,770.17,3881.7,664.97,4699.7,524.49,9889.5,619.21,3643.5,735.09,3864.9
636.53,1833.4,769.33,3925.5,664.44,4717.3,524.31,9885.1,618.81,3686.3,734.48,3907.3
635.41,1855.1,768.49,3969.7,663.9,4735,524.14,9881,618.41,3729.7,733.87,3950.1
634.28,1877,767.64,4014.3,663.36,4752.6,523.96,9877.2,618.01,3773.7,733.26,3993.3
633.16,1899.2,766.79,4059.2,662.81,4770.2,523.78,9873.9,617.62,3818.1,732.65,4036.9
632.03,1921.6,765.94,4104.5,662.25,4787.8,523.6,9870.9,617.22,3863.1,732.03,4080.9
630.9,1944.3,765.09,4150.2,661.69,4805.5,523.42,9868.3,616.82,3908.7,731.42,4125.3
629.77,1967.2,764.23,4196.3,661.13,4823.1,523.23,9866.1,616.42,3954.8,730.8,4170.1
628.64,1990.4,763.37,4242.8,660.56,4840.7,523.04,9864.3,616.03,4001.4,730.18,4215.2
627.52,2013.8,762.51,4289.6,659.98,4858.4,522.85,9862.9,615.63,4048.7,729.56,4260.8
626.39,2037.5,761.64,4336.9,659.4,4876.1,522.65,9862,615.23,4096.5,728.94,4306.8
625.26,2061.5,760.77,4384.5,658.81,4893.8,522.46,9861.4,614.84,4144.8,728.31,4353.2
624.13,2085.7,759.9,4432.6,658.21,4911.6,522.26,9861.3,614.44,4193.8,727.69,4400
623,2110.2,759.02,4481,657.61,4929.4,522.05,9861.6,614.05,4243.4,727.06,4447.2
621.87,2134.9,758.14,4529.9,657,4947.2,521.85,9862.3,613.65,4293.5,726.44,4494.8
620.74,2160,757.26,4579.1,656.39,4965.1,521.64,9863.4,613.25,4344.3,725.81,4542.9
619.61,2185.3,756.37,4628.8,655.77,4983,521.43,9865,612.86,4395.7,725.18,4591.3
618.47,2210.9,755.49,4678.9,655.14,5001,521.22,9867,612.46,4447.7,724.55,4640.2
617.34,2236.8,754.59,4729.4,654.51,5019,521,9869.5,612.07,4500.4,723.91,4689.6
616.21,2262.9,753.7,4780.3,653.87,5037.1,520.78,9872.4,611.67,4553.7,723.28,4739.3
615.08,2289.4,752.8,4831.7,653.22,5055.2,520.56,9875.8,611.28,4607.6,722.64,4789.5
613.94,2316.2,751.9,4883.4,652.57,5073.4,520.33,9879.6,610.88,4662.2,722,4840.1
612.81,2343.2,750.99,4935.6,651.91,5091.7,520.11,9883.8,610.49,4717.5,721.36,4891.2
611.67,2370.5,750.08,4988.2,651.24,5110,519.87,9888.6,610.09,4773.4,720.72,4942.7
610.54,2398.2,749.17,5041.3,650.57,5128.5,519.64,9893.7,609.7,4830,720.08,4994.7
609.4,2426.1,748.26,5094.8,649.89,5147,519.4,9899.4,609.31,4887.4,719.44,5047.1
608.27,2454.4,747.34,5148.7,649.2,5165.5,519.16,9905.4,608.91,4945.4,718.79,5100
607.13,2482.9,746.41,5203.1,648.51,5184.2,518.92,9912,608.52,5004.1,718.14,5153.3
605.99,2511.8,745.49,5257.9,647.81,5202.9,518.67,9919,608.12,5063.6,717.49,5207.1
604.86,2541,744.56,5313.2,647.1,5221.8,518.42,9926.5,607.73,5123.7,716.84,5261.3
603.72,2570.5,743.62,5368.9,646.38,5240.7,518.17,9934.4,607.34,5184.6,716.19,5316
602.58,2600.3,742.69,5425,645.66,5259.7,517.91,9942.8,606.95,5246.3,715.53,5371.2
601.44,2630.5,741.74,5481.7,644.93,5278.8,517.66,9951.6,606.55,5308.7,714.88,5426.9
600.3,2661,740.8,5538.8,644.19,5298,517.39,9961,606.16,5371.9,714.22,5483
599.16,2691.8,739.85,5596.3,643.45,5317.3,517.13,9970.7,605.77,5435.8,713.56,5539.7
598.02,2723,738.9,5654.3,642.7,5336.8,516.86,9981,605.38,5500.6,712.9,5596.8
596.88,2754.5,737.94,5712.8,641.94,5356.3,516.59,9991.7,604.98,5566.1,712.24,5654.4
595.74,2786.3,736.98,5771.8,641.17,5375.9,516.31,10003,604.59,5632.4,711.57,5712.5
594.6,2818.5,736.02,5831.2,640.39,5395.6,516.03,10015,604.2,5699.6,710.91,5771.1
593.46,2851,735.05,5891.1,639.61,5415.5,515.75,10027,603.81,5767.6,710.24,5830.2
592.32,2883.9,734.08,5951.5,638.82,5435.4,515.47,10039,603.42,5836.4,709.57,5889.7
591.17,2917.2,733.1,6012.4,638.02,5455.5,515.18,10052,603.03,5906,708.89,5949.8
590.03,2950.8,732.12,6073.8,637.22,5475.7,514.88,10066,602.64,5976.5,708.22,6010.5
588.88,2984.7,731.14,6135.6,636.4,5496,514.59,10080,602.25,6047.9,707.54,6071.6
587.74,3019.1,730.15,6198,635.58,5516.4,514.29,10094,601.86,6120.2,706.87,6133.2
586.59,3053.8,729.16,6260.9,634.75,5536.9,513.98,10109,601.47,6193.3,706.19,6195.4
585.45,3088.8,728.16,6324.2,633.91,5557.6,513.68,10124,601.08,6267.4,705.51,6258.1
584.3,3124.3,727.16,6388.1,633.06,5578.4,513.37,10140,600.69,6342.3,704.82,6321.3
583.16,3160.1,726.15,6452.5,632.21,5599.5,513.05,10156,600.3,6418.2,704.14,6385
582.01,3196.4,725.15,6517.4,631.35,5621.9,512.74,10173,599.91,6495,703.45,6449.3
580.86,3233,724.13,6582.8,630.48,5645.8,512.41,10190,599.52,6572.8,702.76,6514.2
579.71,3270,723.11,6648.8,629.6,5671.1,512.09,10208,599.13,6651.5,702.07,6579.5
578.56,3307.4,722.09,6715.2,628.71,5697.9,511.76,10226,598.74,6731.2,701.37,6645.5
577.41,3345.2,721.07,6782.2,627.82,5726.2,511.43,10245,598.35,6811.9,700.68,6712
576.26,3383.4,720.03,6849.7,626.92,5755.8,511.09,10264,597.96,6893.6,699.98,6779
575.11,3422,719,6917.8,626.01,5786.9,510.75,10283,597.58,6976.3,699.28,6846.6
573.96,3461,717.96,6986.4,625.09,5819.5,510.41,10303,597.19,7060,698.58,6914.8
572.81,3500.5,716.92,7055.6,624.17,5853.4,510.06,10324,596.8,7144.8,697.88,6983.5
571.65,3540.4,715.87,7125.3,623.24,5888.8,509.71,10345,596.41,7230.6,697.17,7052.7
570.5,3580.9,714.81,7195.5,622.31,5925.5,509.35,10368,596.03,7317.5,696.46,7122.1
569.35,3622,713.76,7266.3,621.36,5963.7,508.99,10393,595.64,7405.4,695.75,7191.9
568.19,3663.6,712.69,7337.6,620.42,6003.2,508.63,10419,595.25,7494.4,695.04,7262
567.04,3705.9,711.63,7409.6,619.46,6044.2,508.26,10447,594.87,7584.6,694.33,7332.5
565.88,3748.7,710.55,7482,618.5,6086.6,507.89,10477,594.48,7675.8,693.61,7403.2
564.73,3792.2,709.48,7555.1,617.53,6130.5,507.52,10507,594.1,7768.2,692.89,7474.2
563.57,3836.2,708.4,7628.7,616.56,6175.7,507.14,10540,593.71,7861.7,692.17,7545.6
562.42,3880.9,707.31,7702.9,615.58,6222.4,506.76,10574,593.33,7956.4,691.45,7617.2
561.26,3926.2,706.22,7777.7,614.6,6270.6,506.37,10609,592.94,8052.3,690.72,7689.2
560.11,3972.2,705.12,7853.1,613.61,6320.2,505.98,10645,592.56,8149.4,689.99,7761.4
558.95,4018.8,704.02,7929.3,612.62,6371.2,505.59,10683,592.17,8247.7,689.26,7834
557.79,4066.1,702.92,8006.7,611.62,6423.8,505.19,10723,591.79,8347.2,688.52,7906.9
556.64,4114.1,701.81,8085.6,610.62,6477.9,504.79,10764,591.4,8447.9,687.79,7980
555.48,4162.8,700.7,8166,609.61,6533.5,504.39,10806,591.02,8549.9,687.05,8053.5
554.32,4212.2,699.58,8247.8,608.6,6590.6,503.98,10849,590.64,8653.1,686.31,8127.3
553.17,4262.2,698.45,8331,607.58,6649.3,503.57,10894,590.25,8757.7,685.56,8201.4
552.01,4313,697.32,8415.7,606.56,6709.5,503.15,10940,589.87,8863.5,684.81,8275.7
550.86,4364.6,696.19,8502,605.54,6771.4,502.73,10987,589.49,8970.7,684.06,8350.4
549.7,4416.9,695.06,8589.8,604.51,6834.8,502.31,11036,589.1,9079.2,683.31,8425.4
548.55,4470,693.92,8679.1,603.48,6899.9,501.88,11086,588.72,9189.1,682.55,8500.7
547.39,4523.8,692.77,8770,602.44,6966.7,501.45,11138,588.34,9300.3,681.8,8576.2
546.23,4578.4,691.62,8862.5,601.4,7035.2,501.02,11190,587.96,9412.8,681.03,8652.1
545.08,4633.8,690.47,8956.7,600.36,7105.4,500.58,11244,587.58,9525.4,680.27,8728.3
543.93,4690.1,689.32,9052.4,599.31,7177.3,500.14,11299,587.2,9637.7,679.5,8804.7
542.77,4747.1,688.16,9149.9,598.26,7251,499.7,11356,586.81,9749.5,678.73,8881.5
541.62,4805,686.99,9249,597.21,7326.6,499.25,11413,586.43,9860.8,677.95,8958.5
540.47,4863.8,685.82,9349.9,596.16,7403.9,498.8,11472,586.05,9971.5,677.18,9035.9
539.31,4923.4,684.65,9452.6,595.1,7483.2,498.34,11532,585.67,10082,676.4,9113.5
538.16,4984,683.48,9557,594.04,7564.4,497.89,11594,585.29,10191,675.61,9191.5
537.01,5045.4,682.3,9663.2,592.98,7647.5,497.43,11657,584.91,10300,674.82,9269.7
535.86,5107.7,681.12,9771.3,591.92,7732.7,496.96,11721,584.53,10408,674.03,9348.4
534.71,5171,679.94,9881.2,590.85,7819.8,496.49,11786,584.14,10516,673.24,9427.8
533.56,5235.2,678.75,9992.9,589.79,7909.1,496.02,11852,583.76,10622,672.44,9508.1
532.41,5300.4,677.56,10106,588.72,8000.5,495.55,11920,583.38,10728,671.64,9589.2
531.27,5366.6,676.37,10219,587.65,8094,495.07,11989,582.99,10833,670.84,9671.2
530.12,5433.7,675.17,10334,586.58,8189.8,494.58,12059,582.61,10937,670.03,9754.1
528.97,5501.9,673.97,10449,585.51,8287.9,494.1,12131,582.22,11040,669.22,9837.9
527.83,5571.1,672.77,10565,584.43,8388.2,493.61,12203,581.83,11142,668.4,9922.5
526.69,5641.4,671.56,10682,583.36,8491,493.12,12278,581.45,11243,667.59,10008
525.54,5712.8,670.35,10800,582.28,8596.2,492.62,12353,581.06,11343,666.77,10095
524.4,5785.2,669.14,10919,581.21,8703.9,492.12,12429,580.67,11442,665.94,10182
523.26,5858.8,667.92,11039,580.13,8814.1,491.62,12507,580.28,11540,665.12,10270
522.12,5933.4,666.7,11159,579.06,8926.5,491.12,12586,579.89,11636,664.29,10359
520.98,6009.3,665.48,11281,577.98,9039.9,490.61,12667,579.49,11732,663.45,10450
519.85,6086.3,664.25,11403,576.9,9154.3,490.1,12748,579.1,11826,662.62,10541
518.71,6164.5,663.02,11527,575.83,9269.6,489.58,12831,578.7,11919,661.78,10633
517.58,6243.9,661.79,11651,574.75,9385.8,489.06,12916,578.31,12011,660.93,10726
516.44,6324.6,660.55,11776,573.67,9502.9,488.54,13001,577.91,12101,660.09,10820
515.31,6406.5,659.31,11902,572.59,9620.9,488.02,13088,577.51,12190,659.24,10915
514.18,6489.7,658.06,12029,571.51,9739.8,487.49,13176,577.11,12278,658.38,11011
513.05,6574.2,656.81,12157,570.43,9859.6,486.96,13266,576.7,12365,657.53,11108
511.92,6660,655.55,12286,569.35,9980.4,486.43,13356,576.3,12450,656.67,11206
510.8,6747.2,654.3,12416,568.27,10102,485.89,13449,575.89,12534,655.8,11305
509.67,6835.8,653.03,12547,567.19,10225,485.35,13542,575.48,12617,654.94,11405
508.55,6925.8,651.77,12678,566.1,10348,484.8,13637,575.07,12698,654.07,11506
507.43,7017.2,650.5,12811,565.02,10472,484.26,13733,574.66,12778,653.2,11609
506.31,7109.9,649.22,12944,563.93,10597,483.71,13831,574.24,12856,652.32,11712
505.19,7204,647.94,13079,562.84,10724,483.15,13932,573.83,12933,651.44,11816
504.08,7299.4,646.66,13214,561.76,10850,482.6,14034,573.41,13009,650.56,11922
502.96,7396.2,645.37,13351,560.67,10978,482.04,14138,572.98,13084,649.67,12028
501.85,7494.3,644.08,13488,559.58,11107,481.48,14245,572.56,13157,648.79,12136
500.74,7593.9,642.79,13626,558.48,11237,480.91,14353,572.13,13228,647.89,12245
499.63,7695,641.48,13765,557.39,11367,480.35,14464,571.7,13299,647,12354
498.52,7797.5,640.18,13905,556.3,11498,479.78,14577,571.27,13368,646.1,12465
497.42,7901.5,638.87,14046,555.2,11630,479.2,14691,570.84,13435,645.2,12578
496.32,8007,637.56,14188,554.1,11763,478.63,14808,570.4,13502,644.3,12691
495.21,8114,636.24,14331,553,11897,478.05,14928,569.96,13567,643.39,12805
494.11,8222.6,634.91,14474,551.9,12032,477.47,15049,569.52,13630,642.48,12921
493.02,8332.8,633.58,14617,550.8,12167,476.89,15172,569.07,13692,641.57,13038
491.92,8444.6,632.25,14759,549.69,12304,476.3,15298,568.62,13753,640.65,13156
490.82,8558.1,630.91,14901,548.58,12441,475.71,15426,568.17,13813,639.73,13275
489.73,8673.2,629.57,15042,547.48,12579,475.12,15556,567.71,13872,638.81,13396
488.64,8790,628.22,15183,546.36,12718,474.53,15689,567.26,13929,637.88,13518
487.55,8908.5,626.86,15323,545.25,12857,473.93,15824,566.79,13985,636.95,13641
486.47,9028.8,625.5,15462,544.14,12998,473.33,15961,566.33,14039,636.02,13765
485.38,9150.8,624.13,15601,543.02,13139,472.73,16101,565.86,14093,635.09,13890
484.3,9274.7,622.76,15740,541.9,13281,472.13,16243,565.39,14145,634.15,14017
483.22,9400.4,621.38,15877,540.78,13424,471.53,16387,564.91,14196,633.21,14145
482.14,9528,619.99,16014,539.65,13568,470.92,16534,564.43,14246,632.26,14275
481.06,9657.5,618.6,16151,538.53,13714,470.31,16684,563.95,14295,631.31,14405
479.99,9788.9,617.2,16286,537.4,13863,469.7,16836,563.46,14343,630.36,14537
478.92,9922.2,615.79,16421,536.27,14015,469.09,16990,562.97,14389,629.41,14671
477.85,10058,614.37,16555,535.14,14170,468.47,17148,562.48,14435,628.45,14806
476.78,10195,612.95,16689,534,14329,467.85,17307,561.98,14479,627.49,14942
475.71,10334,611.52,16821,532.87,14490,467.23,17470,561.48,14523,626.53,15079
474.65,10476,610.08,16953,531.73,14655,466.61,17635,560.97,14565,625.57,15218
473.59,10620,608.64,17084,530.59,14823,465.99,17803,560.46,14607,624.6,15359
472.53,10766,607.18,17215,529.45,14995,465.36,17974,559.94,14649,623.63,15500
471.47,10914,605.72,17344,528.31,15170,464.74,18147,559.42,14692,622.65,15644
470.41,11064,604.25,17473,527.17,15348,464.11,18324,558.9,14737,621.67,15788
469.36,11217,602.77,17601,526.02,15530,463.48,18503,558.37,14783,620.69,15934
468.31,11372,601.28,17728,524.88,15716,462.85,18685,557.84,14830,619.71,16082
467.26,11529,599.78,17854,523.74,15905,462.21,18871,557.3,14879,618.72,16231
466.21,11689,598.27,17980,522.59,16098,461.58,19059,556.76,14929,617.73,16382
465.17,11851,596.76,18106,521.44,16296,460.94,19250,556.22,14980,616.74,16535
464.13,12015,595.23,18234,520.3,16497,460.3,19445,555.67,15033,615.75,16692
463.09,12183,593.7,18362,519.15,16702,459.66,19642,555.12,15087,614.75,16854
462.05,12352,592.16,18493,518.01,16911,459.02,19843,554.56,15142,613.75,17020
461.02,12525,590.6,18624,516.86,17125,458.38,20047,554,15199,612.75,17191
459.98,12700,589.04,18757,515.71,17343,457.73,20255,553.44,15257,611.74,17367
458.95,12877,587.47,18891,514.57,17566,457.09,20466,552.87,15316,610.74,17547
457.92,13058,585.89,19026,513.42,17793,456.44,20680,552.3,15377,609.73,17732
456.9,13241,584.3,19163,512.27,18025,455.79,20898,551.72,15438,608.72,17922
455.88,13427,582.7,19301,511.13,18261,455.14,21119,551.14,15501,607.71,18117
454.86,13616,581.1,19440,509.98,18503,454.49,21344,550.56,15565,606.69,18317
453.84,13809,579.48,19581,508.84,18749,453.84,21573,549.97,15631,605.68,18522
452.82,14004,577.86,19722,507.7,19001,453.19,21805,549.38,15698,604.67,18733
451.81,14202,576.22,19865,506.56,19258,452.53,22041,548.78,15766,603.65,18949
450.8,14403,574.58,20010,505.42,19521,451.88,22281,548.18,15835,602.64,19171
449.79,14607,572.93,20155,504.28,19789,451.22,22525,547.57,15905,601.62,19399
448.78,14815,571.26,20302,503.14,20063,450.56,22773,546.97,15977,600.61,19632
447.78,15026,569.59,20451,502,20342,449.91,23025,546.36,16050,599.59,19872
446.78,15240,567.91,20600,500.87,20628,449.25,23281,545.74,16124,598.57,20118
445.78,15458,566.23,20751,499.73,20920,448.59,23541,545.12,16199,597.56,20370
444.79,15679,564.53,20903,498.6,21219,447.93,23805,544.5,16276,596.54,20629
443.79,15904,562.82,21057,497.47,21524,447.27,24074,543.87,16353,595.53,20895
442.8,16132,561.11,21215,496.35,21835,446.61,24347,543.24,16432,594.52,21167
441.82,16364,559.38,21379,495.22,22154,445.94,24625,542.61,16513,593.5,21447
440.83,16600,557.65,21548,494.1,22480,445.28,24907,541.97,16594,592.49,21734
439.85,16840,555.91,21723,492.98,22813,444.62,25194,541.32,16677,591.48,22029
438.87,17083,554.17,21904,491.86,23153,443.95,25485,540.68,16761,590.47,22331
437.89,17331,552.42,22090,490.75,23502,443.29,25782,540.03,16846,589.47,22642
436.92,17582,550.66,22282,489.63,23858,442.62,26083,539.38,16932,588.46,22961
435.95,17838,548.89,22481,488.52,24222,441.96,26390,538.72,17020,587.46,23288
434.98,18097,547.12,22685,487.42,24595,441.29,26701,538.06,17109,586.46,23623
434.01,18361,545.34,22895,486.31,24976,440.62,27017,537.4,17199,585.46,23963
433.05,18628,543.56,23111,485.22,25367,439.96,27339,536.73,17290,584.46,24308
432.09,18899,541.77,23334,484.12,25766,439.29,27665,536.06,17382,583.47,24658
431.13,19174,539.98,23563,483.03,26175,438.62,27997,535.38,17476,582.48,25013
430.17,19453,538.18,23798,481.94,26593,437.96,28335,534.7,17571,581.49,25373
429.22,19736,536.38,24041,480.85,27021,437.29,28677,534.02,17668,580.5,25739
428.27,20023,534.58,24290,479.77,27458,436.62,29026,533.34,17765,579.51,26110
427.33,20314,532.77,24546,478.69,27904,435.95,29380,532.65,17865,578.53,26486
426.38,20610,530.96,24809,477.62,28359,435.28,29740,531.95,17966,577.55,26868
425.44,20910,529.15,25079,476.55,28823,434.61,30105,531.26,18070,576.57,27256
424.5,21214,527.34,25355,475.48,29297,433.95,30477,530.56,18176,575.59,27649
423.56,21523,525.52,25638,474.42,29781,433.28,30855,529.86,18284,574.62,28048
422.63,21836,523.7,25926,473.36,30275,432.61,31239,529.15,18395,573.64,28453
421.7,22153,521.88,26220,472.31,30779,431.94,31629,528.44,18508,572.67,28863
420.77,22475,520.06,26521,471.26,31294,431.27,32026,527.73,18622,571.7,29280
419.84,22802,518.24,26828,470.21,31820,430.61,32429,527.01,18740,570.74,29703
418.92,23134,516.42,27142,469.17,32357,429.94,32839,526.3,18859,569.77,30132
418,23470,514.59,27462,468.13,32906,429.27,33256,525.57,18981,568.81,30567
417.08,23811,512.77,27790,467.1,33467,428.6,33680,524.85,19105,567.85,31009
416.16,24157,510.95,28124,466.07,34040,427.94,34111,524.12,19231,566.89,31457
415.25,24508,509.12,28466,465.05,34625,427.27,34549,523.39,19360,565.93,31912
414.34,24864,507.3,28815,464.03,35224,426.6,34995,522.66,19491,564.98,32374
413.43,25226,505.48,29172,463.02,35836,425.94,35448,521.92,19624,564.03,32842
412.53,25592,503.65,29536,462.01,36461,425.27,35909,521.18,19760,563.08,33317
411.62,25964,501.83,29909,461.01,37100,424.61,36378,520.44,19898,562.13,33798
410.72,26341,500.01,30290,460.01,37751,423.94,36854,519.7,20038,561.18,34283
409.82,26724,498.2,30679,459.01,38411,423.28,37339,518.95,20181,560.24,34773
408.93,27112,496.38,31076,458.02,39079,422.61,37832,518.2,20327,559.3,35266
408.03,27506,494.56,31483,457.04,39756,421.95,38334,517.45,20475,558.36,35764
407.14,27905,492.75,31899,456.06,40441,421.29,38845,516.7,20625,557.42,36265
406.26,28310,490.94,32323,455.08,41135,420.63,39364,515.94,20778,556.48,36770
405.37,28721,489.13,32758,454.11,41837,419.97,39892,515.19,20934,555.55,37279
404.49,29138,487.33,33202,453.14,42548,419.31,40429,514.42,21092,554.61,37792
403.61,29560,485.53,33657,452.17,43267,418.65,40976,513.66,21253,553.68,38309
402.73,29989,483.73,34122,451.21,43995,417.99,41533,512.9,21417,552.75,38830
401.85,30424,481.93,34598,450.25,44731,417.33,42099,512.13,21583,551.82,39354
400.98,30866,480.14,35084,449.3,45475,416.67,42675,511.36,21752,550.89,39881
400.1,31313,478.35,35582,448.35,46228,416.02,43262,510.59,21924,549.96,40412
399.24,31767,476.57,36092,447.4,46988,415.36,43859,509.82,22098,549.03,40947
398.37,32228,474.79,36614,446.46,47757,414.71,44466,509.04,22276,548.1,41484
397.5,32695,473.02,37148,445.52,48534,414.06,45085,508.26,22456,547.18,42026
396.64,33169,471.25,37695,444.58,49319,413.4,45715,507.49,22639,546.25,42570
395.78,33649,469.49,38255,443.65,50111,412.75,46356,506.71,22824,545.33,43117
394.92,34137,467.73,38829,442.72,50912,412.1,47008,505.92,23011,544.4,43668
394.07,34631,465.97,39417,441.79,51720,411.46,47673,505.14,23199,543.48,44221
393.22,35132,464.23,40019,440.87,52536,410.81,48349,504.35,23390,542.56,44778
392.37,35640,462.48,40636,439.94,53359,410.16,49036,503.57,23582,541.63,45337
391.52,36155,460.75,41269,439.02,54189,409.52,49735,502.78,23776,540.71,45899
390.67,36676,459.02,41917,438.1,55027,408.87,50444,501.99,23971,539.79,46464
389.83,37203,457.3,42582,437.19,55872,408.23,51164,501.19,24169,538.86,47031
388.99,37738,455.58,43264,436.28,56724,407.59,51896,500.4,24369,537.94,47601
388.15,38279,453.88,43964,435.37,57583,406.95,52640,499.6,24570,537.02,48174
387.31,38827,452.18,44682,434.46,58449,406.31,53396,498.8,24773,536.09,48748
386.47,39382,450.48,45418,433.55,59321,405.67,54163,498,24979,535.17,49325
385.64,39943,448.8,46175,432.64,60200,405.04,54943,497.2,25186,534.25,49904
384.81,40512,447.12,46951,431.74,61085,404.4,55736,496.4,25395,533.32,50486
383.98,41088,445.45,47748,430.84,61976,403.77,56541,495.59,25606,532.4,51069
383.15,41671,443.79,48567,429.94,62873,403.13,57360,494.79,25820,531.47,51654
382.33,42261,442.14,49409,429.04,63776,402.5,58191,493.98,26035,530.54,52241
381.5,42858,440.5,50273,428.14,64685,401.87,59036,493.17,26252,529.62,52830
380.68,43463,438.87,51162,427.24,65599,401.25,59895,492.36,26472,528.69,53421
379.86,44075,437.24,52077,426.35,66519,400.62,60768,491.55,26693,527.76,54013
379.04,44694,435.63,53017,425.45,67443,399.99,61655,490.73,26916,526.83,54606
378.23,45321,434.02,53984,424.56,68373,399.37,62557,489.92,27142,525.89,55201
377.41,45956,432.43,54979,423.67,69307,398.75,63473,489.1,27370,524.96,55798
376.6,46598,430.85,56004,422.78,70246,398.12,64405,488.28,27600,524.03,56395
375.79,47248,429.27,57059,421.88,71189,397.5,65351,487.46,27832,523.09,56994
374.98,47905,427.71,58141,420.99,72136,396.89,66314,486.63,28066,522.15,57594
374.18,48570,426.16,59247,420.1,73088,396.27,67292,485.81,28303,521.22,58194
373.37,49243,424.62,60376,419.21,74043,395.65,68287,484.98,28541,520.28,58796
372.57,49924,423.09,61529,418.32,75002,395.04,69298,484.16,28782,519.33,59399
371.76,50613,421.57,62708,417.43,75964,394.43,70326,483.33,29026,518.39,60002
370.96,51310,420.06,63912,416.54,76929,393.82,71371,482.5,29271,517.44,60606
370.16,52015,418.56,65142,415.65,77897,393.21,72433,481.67,29519,516.5,61210
369.37,52728,417.08,66399,414.76,78868,392.6,73514,480.83,29770,515.55,61815
368.57,53449,415.6,67684,413.87,79841,391.99,74612,480,30022,514.59,62420
367.78,54178,414.13,68997,412.98,80816,391.39,75729,479.16,30277,513.64,63026
366.98,54916,412.67,70339,412.08,81794,390.78,76865,478.32,30535,512.68,63631
366.19,55662,411.23,71711,411.19,82774,390.18,78020,477.49,30794,511.72,64237
365.4,56417,409.79,73113,410.3,83755,389.58,79195,476.64,31057,510.76,64843
364.61,57180,408.37,74547,409.4,84737,388.98,80390,475.8,31322,509.8,65449
363.82,57951,406.95,76013,408.51,85721,388.38,81605,474.96,31589,508.83,66055
363.04,58731,405.55,77511,407.61,86705,387.79,82841,474.11,31859,507.86,66661
362.25,59519,404.16,79044,406.72,87691,387.2,84098,473.27,32131,506.89,67266
361.47,60317,402.77,80611,405.82,88677,386.6,85377,472.42,32406,505.92,67871
360.69,61122,401.4,82214,404.92,89665,386.01,86678,471.57,32683,504.94,68476
359.91,61937,400.04,83853,404.02,90665,385.42,88001,470.72,32964,503.96,69080
359.13,62760,398.68,85529,403.11,91679,384.84,89347,469.87,33246,502.97,69684
358.35,63593,397.34,87245,402.21,92710,384.25,90716,469.01,33532,501.98,70287
357.57,64434,396.01,88999,401.3,93756,383.67,92110,468.16,33820,500.99,70889
356.79,65284,394.69,90795,400.4,94818,383.09,93527,467.3,34111,500,71491
356.02,66143,393.38,92631,399.49,95896,382.51,94970,466.45,34404,499,72092
355.24,67011,392.08,94511,398.58,96991,381.93,96437,465.59,34701,498,72692
354.47,67888,390.78,96435,397.67,98103,381.35,97931,464.73,35000,497,73291
353.7,68775,389.5,98404,396.76,99231,380.77,99451,463.87,35302,495.99,73889
352.93,69670,388.23,1.0042e+05,395.85,1.0038e+05,380.2,1.01e+05,463,35607,494.98,74486
352.16,70575,386.97,1.0248e+05,394.94,1.0154e+05,379.63,1.0257e+05,462.14,35915,493.96,75082
351.39,71489,385.72,1.0459e+05,394.03,1.0272e+05,379.06,1.0417e+05,461.27,36226,492.94,75677
350.62,72412,384.48,1.0676e+05,393.11,1.0392e+05,378.49,1.058e+05,460.41,36541,491.92,76270
349.85,73345,383.25,1.0897e+05,392.2,1.0514e+05,377.93,1.0746e+05,459.54,36858,490.89,76862
349.08,74287,382.03,1.1124e+05,391.28,1.0638e+05,377.36,1.0915e+05,458.67,37179,489.85,77453
348.32,75238,380.82,1.1356e+05,390.37,1.0763e+05,376.8,1.1087e+05,457.8,37504,488.82,78042
347.55,76199,379.62,1.1594e+05,389.45,1.0891e+05,376.24,1.1263e+05,456.93,37832,487.78,78630
346.79,77169,378.43,1.1837e+05,388.53,1.102e+05,375.68,1.1441e+05,456.05,38163,486.73,79217
346.02,78149,377.25,1.2087e+05,387.61,1.1152e+05,375.12,1.1622e+05,455.18,38498,485.68,79802
345.26,79139,376.07,1.2343e+05,386.7,1.1286e+05,374.57,1.1807e+05,454.31,38836,484.63,80385
344.5,80138,374.91,1.2605e+05,385.78,1.1421e+05,374.02,1.1995e+05,453.43,39177,483.57,80966
343.74,81146,373.76,1.2873e+05,384.86,1.1559e+05,373.46,1.2187e+05,452.55,39523,482.5,81546
342.98,82165,372.62,1.3148e+05,383.94,1.1699e+05,372.92,1.2382e+05,451.67,39872,481.43,82124
342.22,83193,371.49,1.343e+05,383.02,1.1841e+05,372.37,1.2581e+05,450.79,40224,480.36,82701
341.46,84231,370.37,1.3719e+05,382.1,1.1986e+05,371.82,1.2783e+05,449.91,40580,479.28,83281
340.7,85282,369.26,1.4016e+05,381.18,1.2133e+05,371.28,1.2989e+05,449.03,40940,478.2,83875
339.94,86345,368.15,1.432e+05,380.26,1.2282e+05,370.74,1.3198e+05,448.15,41304,477.11,84483
339.18,87421,367.06,1.4631e+05,379.34,1.2433e+05,370.2,1.3411e+05,447.27,41671,476.01,85105
338.42,88510,365.98,1.4951e+05,378.42,1.2587e+05,369.66,1.3627e+05,446.38,42042,474.92,85742
337.67,89611,364.91,1.5278e+05,377.5,1.2743e+05,369.13,1.3847e+05,445.5,42417,473.82,86394
336.91,90726,363.84,1.5614e+05,376.58,1.2902e+05,368.59,1.407e+05,444.61,42796,472.71,87061
336.15,91854,362.79,1.5959e+05,375.66,1.3063e+05,368.06,1.4298e+05,443.72,43179,471.6,87743
335.4,92995,361.75,1.6313e+05,374.74,1.3227e+05,367.53,1.4529e+05,442.83,43566,470.48,88440
334.64,94150,360.71,1.6676e+05,373.82,1.3394e+05,367,1.4764e+05,441.94,43957,469.37,89153
333.89,95318,359.69,1.7049e+05,372.9,1.3563e+05,366.48,1.5003e+05,441.05,44352,468.24,89881
333.14,96500,358.67,1.7431e+05,371.98,1.3735e+05,365.95,1.5246e+05,440.16,44752,467.12,90625
332.38,97696,357.67,1.7824e+05,371.06,1.391e+05,365.43,1.5493e+05,439.27,45155,465.99,91385
331.63,98906,356.67,1.8227e+05,370.14,1.4088e+05,364.91,1.5745e+05,438.38,45563,464.86,92162
330.88,1.0013e+05,355.68,1.8641e+05,369.22,1.4268e+05,364.39,1.6001e+05,437.48,45975,463.72,92955
330.13,1.0137e+05,354.71,1.9066e+05,368.31,1.4452e+05,363.88,1.6261e+05,436.59,46391,462.58,93764
329.38,1.0262e+05,353.74,1.9502e+05,367.39,1.4638e+05,363.36,1.6525e+05,435.69,46812,461.44,94591
328.63,1.0389e+05,352.78,1.995e+05,366.47,1.4828e+05,362.85,1.6794e+05,434.8,47237,460.3,95435
327.88,1.0517e+05,351.83,2.0411e+05,365.55,1.502e+05,362.34,1.7068e+05,433.9,47666,459.15,96296
327.13,1.0647e+05,350.9,2.0884e+05,364.64,1.5216e+05,361.83,1.7346e+05,433,48101,458,97175
326.38,1.0778e+05,349.97,2.1371e+05,363.72,1.5416e+05,361.32,1.7629e+05,432.1,48539,456.85,98072
325.63,1.0911e+05,349.05,2.187e+05,362.81,1.5618e+05,360.82,1.7916e+05,431.2,48982,455.69,98987
324.88,1.1046e+05,348.13,2.2384e+05,361.9,1.5824e+05,360.32,1.8209e+05,430.3,49430,454.54,99921
324.14,1.1182e+05,347.23,2.2912e+05,360.98,1.6033e+05,359.81,1.8507e+05,429.4,49883,453.38,1.0087e+05
323.39,1.1319e+05,346.34,2.3456e+05,360.07,1.6246e+05,359.32,1.881e+05,428.5,50340,452.22,1.0185e+05
322.64,1.1458e+05,345.46,2.4014e+05,359.16,1.6463e+05,358.82,1.9118e+05,427.6,50803,451.06,1.0284e+05
321.9,1.1599e+05,344.58,2.4589e+05,358.25,1.6683e+05,358.32,1.9431e+05,426.7,51270,449.89,1.0385e+05
321.15,1.1741e+05,343.72,2.518e+05,357.34,1.6907e+05,357.83,1.9749e+05,425.79,51742,448.73,1.0488e+05
320.41,1.1885e+05,342.86,2.5788e+05,356.43,1.7134e+05,357.34,2.0073e+05,424.89,52219,447.56,1.0594e+05
319.67,1.2031e+05,342.02,2.6413e+05,355.52,1.7366e+05,356.85,2.0403e+05,423.99,52701,446.39,1.0701e+05
318.92,1.2179e+05,341.18,2.7057e+05,354.62,1.7601e+05,356.36,2.0738e+05,423.08,53188,445.22,1.0811e+05
318.18,1.2328e+05,340.35,2.772e+05,353.71,1.7841e+05,355.87,2.108e+05,422.18,53681,444.05,1.0922e+05
317.44,1.2478e+05,339.54,2.8403e+05,352.81,1.8085e+05,355.39,2.1427e+05,421.27,54179,442.88,1.1037e+05
316.69,1.2631e+05,338.73,2.9106e+05,351.91,1.8333e+05,354.91,2.178e+05,420.36,54682,441.7,1.1153e+05
315.95,1.2785e+05,337.93,2.983e+05,351.01,1.8585e+05,354.43,2.2139e+05,419.45,55190,440.53,1.1272e+05
315.21,1.2942e+05,337.14,3.0576e+05,350.11,1.8842e+05,353.95,2.2504e+05,418.55,55704,439.36,1.1393e+05
314.47,1.3099e+05,336.35,3.1344e+05,349.21,1.9103e+05,353.47,2.2875e+05,417.64,56223,438.18,1.1516e+05
313.73,1.3259e+05,335.58,3.2136e+05,348.31,1.9369e+05,353,2.3253e+05,416.73,56747,437.01,1.1642e+05
312.99,1.3421e+05,334.82,3.2952e+05,347.41,1.9639e+05,352.52,2.3638e+05,415.82,57278,435.83,1.1771e+05
312.25,1.3584e+05,334.06,3.3794e+05,346.52,1.9914e+05,352.05,2.4029e+05,414.91,57814,434.66,1.1902e+05
311.51,1.3749e+05,333.32,3.4662e+05,345.63,2.0195e+05,351.58,2.4427e+05,414,58355,433.48,1.2036e+05
310.77,1.3917e+05,332.58,3.5557e+05,344.74,2.048e+05,351.11,2.4832e+05,413.09,58903,432.31,1.2172e+05
310.04,1.4086e+05,331.85,3.648e+05,343.85,2.077e+05,350.65,2.5244e+05,412.18,59456,431.13,1.2311e+05
309.3,1.4257e+05,331.13,3.7433e+05,342.96,2.1066e+05,350.18,2.5663e+05,411.27,60016,429.96,1.2454e+05
308.56,1.443e+05,330.42,3.8416e+05,342.07,2.1366e+05,349.72,2.609e+05,410.36,60581,428.79,1.2599e+05
307.83,1.4605e+05,329.72,3.9431e+05,341.19,2.1673e+05,349.26,2.6524e+05,409.45,61152,427.61,1.2747e+05
307.09,1.4782e+05,329.03,4.0475e+05,340.31,2.1985e+05,348.8,2.6965e+05,408.53,61730,426.44,1.2898e+05
306.35,1.4961e+05,328.34,4.1545e+05,339.43,2.2302e+05,348.35,2.7415e+05,407.62,62313,425.27,1.3052e+05
305.62,1.5142e+05,327.67,4.2642e+05,338.55,2.2626e+05,347.89,2.7872e+05,406.71,62903,424.1,1.3209e+05
304.88,1.5325e+05,327,4.3768e+05,337.67,2.2955e+05,347.44,2.8337e+05,405.8,63500,422.93,1.337e+05
304.15,1.551e+05,326.34,4.4921e+05,336.8,2.3291e+05,346.99,2.881e+05,404.88,64102,421.76,1.3534e+05
303.41,1.5697e+05,325.69,4.6103e+05,335.93,2.3632e+05,346.54,2.9292e+05,403.97,64712,420.6,1.3702e+05
302.68,1.5886e+05,325.05,4.7314e+05,335.06,2.3981e+05,346.09,2.9782e+05,403.05,65327,419.43,1.3873e+05
301.95,1.6078e+05,324.42,4.8555e+05,334.19,2.4335e+05,345.65,3.028e+05,402.14,65950,418.27,1.4047e+05
301.22,1.6272e+05,323.79,4.9825e+05,333.32,2.4697e+05,345.2,3.0788e+05,401.23,66579,417.11,1.4226e+05
300.48,1.6467e+05,323.17,5.1126e+05,332.46,2.5065e+05,344.76,3.1304e+05,400.31,67215,415.95,1.4408e+05
299.75,1.6665e+05,322.56,5.2458e+05,331.6,2.544e+05,344.32,3.1829e+05,399.4,67858,414.79,1.4594e+05
299.02,1.6866e+05,321.95,5.382e+05,330.74,2.5822e+05,343.88,3.2364e+05,398.48,68508,413.64,1.4784e+05
298.29,1.7068e+05,321.35,5.5214e+05,329.88,2.6212e+05,343.44,3.2908e+05,397.57,69165,412.48,1.4978e+05
297.56,1.7273e+05,320.76,5.664e+05,329.03,2.6609e+05,343.01,3.3462e+05,396.65,69829,411.33,1.5177e+05
296.83,1.748e+05,320.18,5.8098e+05,328.18,2.7014e+05,342.58,3.4026e+05,395.74,70501,410.19,1.538e+05
296.1,1.769e+05,319.6,5.9588e+05,327.33,2.7427e+05,342.14,3.4599e+05,394.82,71180,409.04,1.5587e+05
295.37,1.7901e+05,319.03,6.1111e+05,326.48,2.7848e+05,341.72,3.5183e+05,393.91,71866,407.9,1.5799e+05
294.64,1.8115e+05,318.47,6.2666e+05,325.64,2.8277e+05,341.29,3.5777e+05,392.99,72560,406.76,1.6016e+05
293.91,1.8332e+05,317.91,6.4254e+05,324.8,2.8715e+05,340.86,3.6382e+05,392.08,73262,405.62,1.6237e+05
293.18,1.8551e+05,317.36,6.5875e+05,323.96,2.9161e+05,340.44,3.6997e+05,391.16,73972,404.49,1.6464e+05
292.45,1.8772e+05,316.81,6.7529e+05,323.12,2.9616e+05,340.01,3.7624e+05,390.25,74689,403.36,1.6695e+05
291.73,1.8996e+05,316.27,6.9216e+05,322.29,3.0081e+05,339.59,3.8261e+05,389.33,75415,402.23,1.6932e+05
291,1.9222e+05,315.73,7.0936e+05,321.46,3.0554e+05,339.17,3.891e+05,388.42,76149,401.11,1.7175e+05
290.27,1.9451e+05,315.21,7.2689e+05,320.63,3.1038e+05,338.76,3.9571e+05,387.5,76891,399.99,1.7423e+05
289.54,1.9683e+05,314.68,7.4474e+05,319.81,3.1531e+05,338.34,4.0243e+05,386.59,77641,398.88,1.7677e+05
288.82,1.9917e+05,314.16,7.6292e+05,318.99,3.2034e+05,337.93,4.0928e+05,385.67,78400,397.77,1.7936e+05
288.09,2.0153e+05,313.65,7.8142e+05,318.17,3.2548e+05,337.52,4.1625e+05,384.76,79167,396.66,1.8202e+05
287.37,2.0392e+05,313.14,8.0025e+05,317.35,3.3072e+05,337.11,4.2334e+05,383.84,79943,395.56,1.8475e+05
286.64,2.0634e+05,312.64,8.1938e+05,316.54,3.3607e+05,336.7,4.3056e+05,382.93,80727,394.46,1.8754e+05
285.92,2.0878e+05,312.14,8.3883e+05,315.73,3.4153e+05,336.29,4.3791e+05,382.01,81521,393.36,1.9039e+05
285.19,2.1125e+05,311.65,8.5859e+05,314.92,3.4711e+05,335.89,4.4539e+05,381.1,82323,392.27,1.9332e+05
284.47,2.1375e+05,311.16,8.7866e+05,314.12,3.5281e+05,335.48,4.5301e+05,380.19,83135,391.19,1.9632e+05
283.74,2.1628e+05,310.67,8.9912e+05,313.32,3.5862e+05,335.08,4.6076e+05,379.27,83955,390.11,1.9939e+05
283.02,2.1883e+05,310.19,9.1995e+05,312.53,3.6456e+05,334.68,4.6866e+05,378.36,84785,389.03,2.0254e+05
282.3,2.2141e+05,309.72,9.4118e+05,311.73,3.7063e+05,334.28,4.767e+05,377.45,85625,387.96,2.0576e+05
281.57,2.2402e+05,309.24,9.628e+05,310.94,3.7683e+05,333.89,4.8488e+05,376.53,86474,386.9,2.0907e+05
280.85,2.2666e+05,308.78,9.848e+05,310.16,3.8317e+05,333.49,4.9321e+05,375.62,87333,385.84,2.1247e+05
280.13,2.2933e+05,308.31,1.0072e+06,309.38,3.8964e+05,333.1,5.0169e+05,374.71,88201,384.78,2.1595e+05
279.41,2.3202e+05,307.85,1.03e+06,308.6,3.9626e+05,332.71,5.1033e+05,373.8,89080,383.73,2.1953e+05
278.68,2.3475e+05,307.39,1.0532e+06,307.82,4.0302e+05,332.32,5.1913e+05,372.88,89968,382.69,2.2319e+05
277.96,2.375e+05,306.94,1.0767e+06,307.05,4.0993e+05,331.93,5.2808e+05,371.97,90867,381.65,2.2696e+05
277.24,2.4029e+05,306.49,1.1007e+06,306.28,4.17e+05,331.55,5.372e+05,371.06,91776,380.62,2.3082e+05
276.52,2.431e+05,306.04,1.125e+06,305.52,4.2423e+05,331.16,5.4648e+05,370.15,92696,379.6,2.3479e+05
275.8,2.4595e+05,305.6,1.1497e+06,304.76,4.3162e+05,330.78,5.5594e+05,369.24,93626,378.58,2.3887e+05
275.08,2.4882e+05,305.16,1.1748e+06,304,4.3918e+05,330.4,5.6556e+05,368.33,94567,377.57,2.4306e+05
274.36,2.5173e+05,304.72,1.2003e+06,303.25,4.4691e+05,330.02,5.7537e+05,367.42,95518,376.56,2.4736e+05
273.64,2.5467e+05,304.29,1.2261e+06,302.5,4.5483e+05,329.64,5.8535e+05,366.51,96481,375.56,2.5179e+05
272.92,2.5764e+05,303.86,1.2523e+06,301.76,4.6292e+05,329.27,5.9552e+05,365.61,97455,374.57,2.5634e+05
272.2,2.6064e+05,303.43,1.2788e+06,301.02,4.7121e+05,328.89,6.0587e+05,364.7,98440,373.58,2.6103e+05
271.48,2.6367e+05,303.01,1.3058e+06,300.28,4.7969e+05,328.52,6.1641e+05,363.79,99437,372.6,2.6585e+05
270.76,2.6674e+05,302.59,1.333e+06,299.55,4.8837e+05,328.15,6.2715e+05,362.88,1.0045e+05,371.63,2.708e+05
270.04,2.6984e+05,302.17,1.3606e+06,298.82,4.9727e+05,327.78,6.3809e+05,361.98,1.0147e+05,370.66,2.7591e+05
269.33,2.7297e+05,301.75,1.3885e+06,298.1,5.0637e+05,327.41,6.4923e+05,361.07,1.025e+05,369.71,2.8117e+05
268.61,2.7613e+05,301.34,1.4168e+06,297.38,5.157e+05,327.05,6.6057e+05,360.17,1.0354e+05,368.76,2.8658e+05
267.89,2.7933e+05,300.92,1.4454e+06,296.66,5.2525e+05,326.68,6.7213e+05,359.26,1.046e+05,367.81,2.9215e+05
267.17,2.8256e+05,300.51,1.4743e+06,295.95,5.3504e+05,326.32,6.839e+05,358.36,1.0567e+05,366.88,2.9783e+05
266.46,2.8583e+05,300.11,1.5034e+06,295.24,5.4506e+05,325.96,6.9588e+05,357.46,1.0675e+05,365.95,3.0363e+05
265.74,2.8913e+05,299.7,1.5329e+06,294.54,5.5527e+05,325.6,7.0809e+05,356.56,1.0784e+05,365.03,3.0953e+05
265.02,2.9247e+05,299.3,1.5627e+06,293.84,5.6564e+05,325.25,7.2053e+05,355.65,1.0895e+05,364.12,3.1556e+05
264.31,2.9585e+05,298.9,1.593e+06,293.15,5.7619e+05,324.89,7.332e+05,354.75,1.1007e+05,363.21,3.2169e+05
263.59,2.9926e+05,298.5,1.6238e+06,292.46,5.8691e+05,324.54,7.4611e+05,353.85,1.112e+05,362.31,3.2795e+05
262.87,3.027e+05,298.1,1.6551e+06,291.77,5.978e+05,324.18,7.5925e+05,352.95,1.1235e+05,361.42,3.3432e+05
262.16,3.0619e+05,297.7,1.6869e+06,291.09,6.0887e+05,323.83,7.7265e+05,352.05,1.1351e+05,360.54,3.4082e+05
261.44,3.0971e+05,297.31,1.7193e+06,290.41,6.2011e+05,323.49,7.8629e+05,351.16,1.1469e+05,359.66,3.4744e+05
260.73,3.1327e+05,296.92,1.7522e+06,289.74,6.3153e+05,323.14,8.0019e+05,350.26,1.1587e+05,358.79,3.5419e+05
260.01,3.1686e+05,296.53,1.7857e+06,289.07,6.4313e+05,322.79,8.1435e+05,349.36,1.1708e+05,357.92,3.6106e+05
259.3,3.205e+05,296.14,1.8196e+06,288.4,6.5492e+05,322.45,8.2878e+05,348.47,1.1829e+05,357.06,3.6807e+05
258.58,3.2417e+05,295.75,1.8542e+06,287.74,6.6688e+05,322.11,8.4348e+05,347.57,1.1953e+05,356.21,3.752e+05
257.87,3.2788e+05,295.37,1.8892e+06,287.08,6.7903e+05,321.77,8.5845e+05,346.68,1.2077e+05,355.37,3.8247e+05
257.16,3.3163e+05,294.98,1.9249e+06,286.42,6.9136e+05,321.43,8.7371e+05,345.79,1.2203e+05,354.53,3.8988e+05
256.44,3.3542e+05,294.6,1.9611e+06,285.77,7.0388e+05,321.09,8.8926e+05,344.9,1.2331e+05,353.7,3.9742e+05
255.73,3.3925e+05,294.22,1.9978e+06,285.12,7.1658e+05,320.75,9.051e+05,344,1.246e+05,352.87,4.0511e+05
255.01,3.4312e+05,293.84,2.0352e+06,284.48,7.2947e+05,320.42,9.2124e+05,343.11,1.2591e+05,352.06,4.1293e+05
254.3,3.4704e+05,293.47,2.0731e+06,283.84,7.4255e+05,320.09,9.3769e+05,342.22,1.2724e+05,351.24,4.209e+05
253.59,3.5099e+05,293.09,2.1115e+06,283.2,7.5582e+05,319.76,9.5445e+05,341.34,1.2858e+05,350.44,4.2902e+05
252.87,3.5498e+05,292.72,2.1506e+06,282.57,7.6928e+05,319.43,9.7153e+05,340.45,1.2993e+05,349.63,4.3728e+05
252.16,3.5902e+05,292.35,2.1902e+06,281.93,7.8293e+05,319.1,9.8893e+05,339.56,1.3131e+05,348.84,4.4569e+05
251.45,3.631e+05,291.97,2.2305e+06,281.3,7.9677e+05,318.77,1.0067e+06,338.68,1.327e+05,348.05,4.5425e+05
250.74,3.6722e+05,291.61,2.2713e+06,280.68,8.108e+05,318.45,1.0247e+06,337.79,1.341e+05,347.27,4.6297e+05
250.03,3.7138e+05,291.24,2.3128e+06,280.06,8.2503e+05,318.13,1.0432e+06,336.91,1.3553e+05,346.49,4.7184e+05
249.31,3.7559e+05,290.87,2.3548e+06,279.44,8.3944e+05,317.81,1.0619e+06,336.03,1.3697e+05,345.72,4.8087e+05
248.6,3.7984e+05,290.5,2.3974e+06,278.82,8.5405e+05,317.49,1.0811e+06,335.15,1.3843e+05,344.95,4.9005e+05
247.89,3.8413e+05,290.14,2.4407e+06,278.21,8.6886e+05,317.17,1.1006e+06,334.27,1.3991e+05,344.19,4.994e+05
247.18,3.8847e+05,289.78,2.4845e+06,277.6,8.8385e+05,316.85,1.1205e+06,333.39,1.4141e+05,343.44,5.0891e+05
246.47,3.9286e+05,289.42,2.529e+06,276.99,8.9904e+05,316.54,1.1407e+06,332.51,1.4292e+05,342.69,5.1859e+05
245.76,3.9728e+05,289.06,2.574e+06,276.38,9.1445e+05,316.22,1.1614e+06,331.64,1.4445e+05,341.94,5.2843e+05
245.05,4.0176e+05,288.7,2.6197e+06,275.78,9.3009e+05,315.91,1.1824e+06,330.76,1.4601e+05,341.21,5.3844e+05
244.34,4.0628e+05,288.34,2.666e+06,275.18,9.4598e+05,315.6,1.2039e+06,329.89,1.4758e+05,340.47,5.4861e+05
243.63,4.1085e+05,287.98,2.713e+06,274.58,9.621e+05,315.29,1.2258e+06,329.02,1.4917e+05,339.74,5.5896e+05
242.92,4.1546e+05,287.62,2.7605e+06,273.98,9.7848e+05,314.99,1.2481e+06,328.14,1.5079e+05,339.02,5.6948e+05
242.21,4.2012e+05,287.27,2.8087e+06,273.39,9.951e+05,314.68,1.2708e+06,327.27,1.5242e+05,338.3,5.8018e+05
241.5,4.2483e+05,286.92,2.8575e+06,272.8,1.012e+06,314.38,1.294e+06,326.4,1.5407e+05,337.59,5.9105e+05
240.79,4.2959e+05,286.56,2.9069e+06,272.21,1.0291e+06,314.08,1.3176e+06,325.54,1.5575e+05,336.88,6.0209e+05
240.08,4.3439e+05,286.21,2.957e+06,271.63,1.0465e+06,313.78,1.3417e+06,324.67,1.5744e+05,336.17,6.1332e+05
239.37,4.3925e+05,285.86,3.0077e+06,271.04,1.0641e+06,313.48,1.3662e+06,323.81,1.5916e+05,335.47,6.2472e+05
238.66,4.4415e+05,285.51,3.059e+06,270.46,1.082e+06,313.18,1.3913e+06,322.94,1.609e+05,334.78,6.3631e+05
237.95,4.491e+05,285.16,3.1109e+06,269.88,1.1002e+06,312.88,1.4168e+06,322.08,1.6266e+05,334.09,6.4807e+05
237.24,4.5411e+05,284.81,3.1635e+06,269.31,1.1186e+06,312.59,1.4429e+06,321.22,1.6445e+05,333.4,6.6002e+05
236.53,4.5916e+05,284.46,3.2167e+06,268.73,1.1373e+06,312.3,1.4694e+06,320.36,1.6625e+05,332.72,6.7215e+05
235.82,4.6427e+05,284.12,3.2705e+06,268.16,1.1563e+06,312.01,1.4965e+06,319.5,1.6808e+05,332.04,6.8447e+05
235.11,4.6942e+05,283.77,3.3249e+06,267.59,1.1755e+06,311.72,1.5241e+06,318.65,1.6994e+05,331.37,6.9698e+05
234.41,4.7463e+05,283.42,3.38e+06,267.03,1.1951e+06,311.43,1.5522e+06,317.79,1.7182e+05,330.7,7.0967e+05
233.7,4.7989e+05,283.08,3.4358e+06,266.46,1.2149e+06,311.14,1.5809e+06,316.94,1.7372e+05,330.04,7.2254e+05
232.99,4.852e+05,282.74,3.4924e+06,265.9,1.235e+06,310.86,1.6102e+06,316.08,1.7565e+05,329.38,7.3561e+05
232.28,4.9057e+05,282.39,3.5503e+06,265.34,1.2553e+06,310.57,1.6401e+06,315.23,1.776e+05,328.72,7.4886e+05
231.57,4.9599e+05,282.05,3.6093e+06,264.78,1.276e+06,310.29,1.6705e+06,314.38,1.7958e+05,328.07,7.623e+05
230.87,5.0146e+05,281.71,3.6696e+06,264.22,1.2969e+06,310.01,1.7016e+06,313.54,1.8158e+05,327.42,7.7593e+05
230.16,5.0699e+05,281.37,3.7311e+06,263.66,1.3182e+06,309.73,1.7333e+06,312.69,1.8361e+05,326.77,7.8975e+05
229.45,5.1257e+05,281.03,3.7939e+06,263.11,1.3397e+06,309.46,1.7656e+06,311.85,1.8567e+05,326.13,8.0376e+05
228.74,5.1821e+05,280.69,3.858e+06,262.56,1.3615e+06,309.18,1.7986e+06,311,1.8776e+05,325.49,8.1795e+05
228.04,5.239e+05,280.35,3.9235e+06,262.01,1.3836e+06,308.91,1.8322e+06,310.16,1.8987e+05,324.86,8.3234e+05
227.33,5.2965e+05,280.01,3.9904e+06,261.46,1.406e+06,308.63,1.8665e+06,309.32,1.9201e+05,324.23,8.4691e+05
226.62,5.3546e+05,279.67,4.0587e+06,260.92,1.4287e+06,308.36,1.9015e+06,308.48,1.9418e+05,323.6,8.6167e+05
225.92,5.4132e+05,279.34,4.1285e+06,260.37,1.4518e+06,308.09,1.9372e+06,307.65,1.9638e+05,322.98,8.7662e+05
225.21,5.4724e+05,279,4.1997e+06,259.83,1.4751e+06,307.83,1.9736e+06,306.81,1.986e+05,322.35,8.9176e+05
224.5,5.5322e+05,278.67,4.2725e+06,259.29,1.4987e+06,307.56,2.0108e+06,305.98,2.0086e+05,321.74,9.0708e+05
223.8,5.5926e+05,278.33,4.3469e+06,258.75,1.5227e+06,307.29,2.0487e+06,305.15,2.0315e+05,321.12,9.2259e+05
223.09,5.6535e+05,278,4.4229e+06,258.21,1.5469e+06,307.03,2.0873e+06,304.32,2.0547e+05,320.51,9.3828e+05
222.39,5.7151e+05,277.67,4.5006e+06,257.68,1.5715e+06,306.77,2.1268e+06,303.49,2.0782e+05,319.9,9.5415e+05
221.68,5.7772e+05,277.34,4.58e+06,257.15,1.5964e+06,306.51,2.1671e+06,302.67,2.102e+05,319.29,9.7021e+05
220.97,5.8399e+05,277.01,4.6611e+06,256.61,1.6216e+06,306.25,2.2081e+06,301.84,2.1262e+05,318.69,9.8645e+05
220.27,5.9033e+05,276.68,4.744e+06,256.08,1.6471e+06,305.99,2.2497e+06,301.02,2.1507e+05,318.09,1.0029e+06
219.56,5.9673e+05,276.35,4.8288e+06,255.55,1.6729e+06,305.74,2.292e+06,300.2,2.1755e+05,317.49,1.0196e+06
218.86,6.0318e+05,276.03,4.9155e+06,255.03,1.699e+06,305.48,2.3348e+06,299.38,2.2007e+05,316.9,1.0364e+06
218.15,6.097e+05,275.7,5.0041e+06,254.5,1.7255e+06,305.23,2.3782e+06,298.56,2.2262e+05,316.31,1.0535e+06
217.45,6.1628e+05,275.38,5.0947e+06,253.97,1.7523e+06,304.98,2.4223e+06,297.75,2.2521e+05,315.72,1.0707e+06
216.74,6.2293e+05,275.05,5.1874e+06,253.45,1.7794e+06,304.73,2.4669e+06,296.94,2.2783e+05,315.13,1.0882e+06
216.04,6.2963e+05,274.73,5.2822e+06,252.93,1.8069e+06,304.48,2.5121e+06,296.13,2.3049e+05,314.54,1.1059e+06
215.33,6.3641e+05,274.41,5.3792e+06,252.41,1.8347e+06,304.23,2.558e+06,295.32,2.3318e+05,313.96,1.1237e+06
214.63,6.4324e+05,274.09,5.4784e+06,251.89,1.8628e+06,303.98,2.6044e+06,294.51,2.3592e+05,313.38,1.1418e+06
213.92,6.5014e+05,273.77,5.5799e+06,251.37,1.8912e+06,303.74,2.6514e+06,293.7,2.3867e+05,312.8,1.1601e+06
213.22,6.571e+05,273.46,5.6838e+06,250.85,1.9199e+06,303.49,2.699e+06,292.9,2.4144e+05,312.22,1.1786e+06
212.51,6.6414e+05,273.14,5.7901e+06,250.34,1.949e+06,303.25,2.7472e+06,292.1,2.4423e+05,311.65,1.1973e+06
211.81,6.7123e+05,272.83,5.8989e+06,249.82,1.9785e+06,303.01,2.796e+06,291.3,2.4704e+05,311.08,1.2161e+06
211.1,6.7839e+05,272.52,6.0103e+06,249.31,2.0082e+06,302.76,2.8454e+06,290.5,2.4986e+05,310.51,1.2352e+06
210.4,6.8562e+05,272.2,6.1243e+06,248.79,2.0383e+06,302.52,2.8954e+06,289.7,2.5271e+05,309.94,1.2544e+06
209.69,6.9292e+05,271.89,6.2411e+06,248.28,2.0687e+06,302.29,2.9459e+06,288.91,2.5557e+05,309.38,1.2739e+06
208.99,7.0029e+05,271.59,6.3606e+06,247.77,2.0995e+06,302.05,2.997e+06,288.12,2.5845e+05,308.81,1.2935e+06
208.28,7.0772e+05,271.28,6.4831e+06,247.26,2.1306e+06,301.81,3.0486e+06,287.32,2.6135e+05,308.25,1.3134e+06
207.58,7.1522e+05,270.97,6.6082e+06,246.75,2.162e+06,301.57,3.1008e+06,286.53,2.6426e+05,307.69,1.3334e+06
206.88,7.2279e+05,270.67,6.735e+06,246.25,2.1938e+06,301.34,3.1536e+06,285.74,2.6719e+05,307.13,1.3536e+06
206.17,7.3043e+05,270.37,6.8634e+06,245.74,2.2259e+06,301.1,3.2069e+06,284.96,2.7014e+05,306.57,1.374e+06
205.47,7.3814e+05,270.06,6.9933e+06,245.23,2.2583e+06,300.87,3.2607e+06,284.17,2.731e+05,306.02,1.3946e+06
204.76,7.4592e+05,269.76,7.1247e+06,244.73,2.2911e+06,300.64,3.3151e+06,283.39,2.7608e+05,305.46,1.4153e+06
204.06,7.5377e+05,269.46,7.2576e+06,244.23,2.3242e+06,300.41,3.3699e+06,282.6,2.7907e+05,304.91,1.4362e+06
203.36,7.6169e+05,269.17,7.392e+06,243.72,2.3576e+06,300.17,3.4253e+06,281.82,2.8208e+05,304.36,1.4573e+06
202.65,7.6969e+05,268.87,7.5279e+06,243.22,2.3914e+06,299.94,3.4812e+06,281.04,2.851e+05,303.81,1.4786e+06
201.95,7.7776e+05,268.57,7.6652e+06,242.72,2.4255e+06,299.71,3.5376e+06,280.26,2.8814e+05,303.26,1.5e+06
201.25,7.8589e+05,268.28,7.8039e+06,242.22,2.4599e+06,299.48,3.5945e+06,279.48,2.9119e+05,302.71,1.5216e+06
200.54,7.9411e+05,267.98,7.944e+06,241.72,2.4947e+06,299.26,3.6518e+06,278.7,2.9426e+05,302.17,1.5434e+06
199.84,8.0239e+05,267.69,8.0854e+06,241.22,2.5298e+06,299.03,3.7096e+06,277.92,2.9734e+05,301.62,1.5653e+06
199.13,8.1075e+05,267.4,8.2282e+06,240.72,2.5652e+06,298.8,3.7679e+06,277.15,3.0043e+05,301.08,1.5874e+06
198.43,8.1919e+05,267.11,8.3722e+06,240.22,2.601e+06,298.57,3.8265e+06,276.37,3.0353e+05,300.53,1.6096e+06
197.73,8.277e+05,266.82,8.5175e+06,239.72,2.6371e+06,298.35,3.8857e+06,275.6,3.0665e+05,299.99,1.632e+06
197.02,8.3628e+05,266.53,8.6641e+06,239.22,2.6735e+06,298.12,3.9452e+06,274.82,3.0978e+05,299.45,1.6545e+06
196.32,8.4494e+05,266.24,8.8118e+06,238.72,2.7103e+06,297.9,4.0051e+06,274.05,3.1292e+05,298.91,1.6771e+06
195.62,8.5368e+05,265.95,8.9607e+06,238.23,2.7474e+06,297.67,4.0655e+06,273.28,3.1607e+05,298.37,1.6999e+06
194.91,8.6249e+05,265.66,9.1106e+06,237.73,2.7848e+06,297.45,4.1262e+06,272.51,3.1923e+05,297.83,1.7228e+06
194.21,8.7138e+05,265.37,9.2617e+06,237.24,2.8226e+06,297.22,4.1872e+06,271.73,3.224e+05,297.3,1.7459e+06
193.51,8.8034e+05,265.08,9.4138e+06,236.74,2.8606e+06,297,4.2486e+06,270.96,3.2558e+05,296.76,1.7691e+06
192.8,8.8939e+05,264.8,9.5669e+06,236.24,2.899e+06,296.77,4.3104e+06,270.19,3.2877e+05,296.22,1.7924e+06
192.1,8.9851e+05,264.51,9.7209e+06,235.75,2.9377e+06,296.55,4.3725e+06,269.42,3.3197e+05,295.68,1.8158e+06
191.4,9.0771e+05,264.23,9.8759e+06,235.25,2.9768e+06,296.33,4.4348e+06,268.65,3.3517e+05,295.15,1.8393e+06
190.69,9.1699e+05,263.94,1.0032e+07,234.76,3.0161e+06,296.1,4.4975e+06,267.88,3.3839e+05,294.61,1.8629e+06
189.99,9.2635e+05,263.66,1.0188e+07,234.27,3.0558e+06,295.88,4.5605e+06,267.11,3.4161e+05,294.08,1.8866e+06
189.29,9.3579e+05,263.37,1.0346e+07,233.77,3.0957e+06,295.66,4.6237e+06,266.35,3.4484e+05,293.54,1.9105e+06
188.59,9.4531e+05,263.09,1.0504e+07,233.28,3.136e+06,295.44,4.6871e+06,265.58,3.4807e+05,293.01,1.9344e+06
187.88,9.5491e+05,262.8,1.0663e+07,232.78,3.1766e+06,295.21,4.7508e+06,264.81,3.5131e+05,292.47,1.9584e+06
187.18,9.6459e+05,262.52,1.0822e+07,232.29,3.2175e+06,294.99,4.8147e+06,264.04,3.5456e+05,291.94,1.9825e+06
186.48,9.7435e+05,262.23,1.0983e+07,231.79,3.2588e+06,294.77,4.8788e+06,263.27,3.5781e+05,291.4,2.0067e+06
