Distance L-deH,Pressure L-deH,Distance LH,Pressure LH,Distance L-deM,Pressure L-deM,Distance LM,Pressure LM,Distance de-LMH,Pressure de-LMH,Distance LMH,Pressure LMH
737.97,133.72,838.19,133.72,697.95,133.72,533.41,133.72,655.41,133.72,786.43,133.72
736.86,135.58,837.48,135.82,697.66,135.71,533.35,135.58,655,135.33,785.88,135.58
735.75,137.47,836.76,137.96,697.37,137.73,533.28,137.47,654.6,136.96,785.33,137.47
734.64,139.39,836.05,140.13,697.09,139.79,533.22,139.39,654.2,138.61,784.78,139.39
733.53,141.33,835.33,142.33,696.8,141.87,533.16,141.33,653.79,140.28,784.23,141.33
732.42,143.3,834.62,144.57,696.52,143.99,533.09,143.3,653.39,141.97,783.68,143.3
731.31,145.3,833.9,146.85,696.23,146.13,533.03,145.3,652.98,143.69,783.12,145.3
730.2,147.33,833.19,149.16,695.95,148.31,532.97,147.33,652.58,145.42,782.57,147.33
729.09,149.38,832.47,151.5,695.66,150.52,532.9,149.38,652.17,147.17,782.02,149.38
727.98,151.47,831.76,153.89,695.37,152.77,532.84,151.47,651.77,148.95,781.47,151.47
726.88,153.58,831.04,156.31,695.08,155.05,532.77,153.58,651.37,150.74,780.92,153.58
725.77,155.72,830.33,158.77,694.8,157.36,532.71,155.72,650.96,152.56,780.37,155.72
724.66,157.89,829.61,161.27,694.51,159.7,532.64,157.89,650.56,154.4,779.81,157.89
723.55,160.09,828.89,163.8,694.22,162.08,532.58,160.09,650.15,156.26,779.26,160.09
722.44,162.32,828.18,166.38,693.93,164.5,532.51,162.32,649.75,158.15,778.71,162.32
721.33,164.59,827.46,169,693.64,166.95,532.45,164.59,649.34,160.05,778.16,164.59
720.22,166.88,826.74,171.66,693.34,169.44,532.38,166.88,648.94,161.98,777.6,166.88
719.11,169.21,826.02,174.36,693.05,171.97,532.31,169.21,648.54,163.94,777.05,169.21
718,171.57,825.3,177.1,692.76,174.53,532.24,171.57,648.13,165.91,776.5,171.57
716.89,173.96,824.58,179.89,692.46,177.14,532.18,173.96,647.73,167.91,775.94,173.96
715.78,176.39,823.86,182.72,692.16,179.78,532.11,176.39,647.32,169.94,775.39,176.39
714.67,178.85,823.14,185.59,691.87,182.46,532.04,178.85,646.92,171.99,774.83,178.85
713.56,181.34,822.42,188.51,691.57,185.18,531.97,181.34,646.52,174.06,774.28,181.34
712.45,183.87,821.7,191.48,691.27,187.94,531.9,183.87,646.11,176.16,773.72,183.87
711.34,186.44,820.98,194.49,690.97,190.74,531.83,186.44,645.71,178.28,773.17,186.44
710.23,189.04,820.25,197.55,690.66,193.59,531.76,189.04,645.3,180.43,772.61,189.04
709.12,191.67,819.53,200.66,690.36,196.47,531.69,191.67,644.9,182.61,772.06,191.67
708.01,194.35,818.8,203.82,690.05,199.4,531.61,194.35,644.5,184.81,771.5,194.35
706.9,197.06,818.08,207.03,689.74,202.37,531.54,197.06,644.09,187.04,770.94,197.06
705.79,199.8,817.35,210.28,689.43,205.39,531.47,199.8,643.69,189.3,770.39,199.8
704.68,202.59,816.62,213.59,689.12,208.45,531.39,202.59,643.28,191.58,769.83,202.59
703.56,205.42,815.9,216.95,688.81,211.56,531.31,205.42,642.88,193.89,769.27,205.42
702.45,208.28,815.17,220.37,688.49,214.72,531.24,208.28,642.48,196.23,768.71,208.28
701.34,211.18,814.44,223.83,688.18,217.92,531.16,211.18,642.07,198.59,768.16,211.18
700.23,214.13,813.7,227.36,687.86,221.17,531.08,214.13,641.67,200.99,767.6,214.13
699.12,217.12,812.97,230.93,687.54,224.47,531,217.12,641.27,203.41,767.04,217.12
698.01,220.14,812.24,234.57,687.21,227.81,530.92,220.14,640.86,205.86,766.48,220.14
696.9,223.21,811.5,238.26,686.89,231.21,530.84,223.21,640.46,208.35,765.92,223.21
695.78,226.33,810.77,242.01,686.56,234.66,530.76,226.33,640.06,210.86,765.35,226.33
694.67,229.48,810.03,245.82,686.23,238.16,530.68,229.48,639.65,213.4,764.79,229.48
693.56,232.68,809.29,249.68,685.9,241.71,530.59,232.68,639.25,215.97,764.23,232.68
692.45,235.93,808.55,253.61,685.57,245.31,530.51,235.93,638.85,218.58,763.67,235.93
691.33,239.22,807.81,257.6,685.23,248.97,530.42,239.22,638.44,221.21,763.1,239.22
690.22,242.55,807.07,261.66,684.89,252.68,530.33,242.55,638.04,223.88,762.54,242.55
689.11,245.94,806.33,265.77,684.55,256.45,530.25,245.94,637.64,226.58,761.97,245.94
688,249.37,805.58,269.95,684.2,260.27,530.16,249.37,637.24,229.31,761.41,249.37
686.88,252.84,804.84,274.2,683.86,264.15,530.07,252.84,636.83,232.08,760.84,252.84
685.77,256.37,804.09,278.52,683.51,268.09,529.97,256.37,636.43,234.88,760.28,256.37
684.66,259.94,803.34,282.9,683.15,272.09,529.88,259.94,636.03,237.71,759.71,259.94
683.54,263.57,802.59,287.35,682.8,276.15,529.79,263.57,635.63,240.57,759.14,263.57
682.43,267.25,801.84,291.87,682.44,280.26,529.69,267.25,635.22,243.48,758.57,267.25
681.31,270.97,801.08,296.46,682.08,284.44,529.59,270.97,634.82,246.41,758,270.97
680.2,274.75,800.33,301.13,681.71,288.68,529.49,274.75,634.42,249.38,757.43,274.75
679.08,278.58,799.57,305.87,681.34,292.99,529.39,278.58,634.02,252.39,756.86,278.58
677.97,282.47,798.81,310.68,680.97,297.36,529.29,282.47,633.61,255.43,756.29,282.47
676.85,286.41,798.05,315.57,680.6,301.79,529.19,286.41,633.21,258.51,755.72,286.41
675.74,290.4,797.29,320.53,680.22,306.29,529.09,290.4,632.81,261.63,755.14,290.4
674.62,294.45,796.53,325.58,679.84,310.86,528.98,294.45,632.41,264.79,754.57,294.45
673.51,298.56,795.76,330.7,679.45,315.49,528.87,298.56,632.01,267.98,754,298.56
672.39,302.72,795,335.9,679.06,320.19,528.76,302.72,631.6,271.21,753.42,302.72
671.28,306.94,794.23,341.19,678.67,324.97,528.65,306.94,631.2,274.48,752.84,306.94
670.16,311.22,793.46,346.56,678.28,329.81,528.54,311.22,630.8,277.79,752.27,311.22
669.04,315.56,792.68,352.01,677.88,334.73,528.43,315.56,630.4,281.14,751.69,315.56
667.93,319.96,791.91,357.55,677.48,339.72,528.31,319.96,630,284.53,751.11,319.96
666.81,324.42,791.13,363.17,677.07,344.79,528.2,324.42,629.6,287.96,750.53,324.42
665.69,328.95,790.36,368.89,676.66,349.93,528.08,328.95,629.2,291.43,749.95,328.95
664.57,333.54,789.57,374.69,676.24,355.15,527.96,333.54,628.8,294.95,749.37,333.54
663.45,338.19,788.79,380.59,675.83,360.44,527.84,338.19,628.39,298.5,748.78,338.19
662.34,342.9,788.01,386.58,675.4,365.82,527.71,342.9,627.99,302.1,748.2,342.9
661.22,347.69,787.22,392.66,674.98,371.27,527.59,347.69,627.59,305.75,747.62,347.69
660.1,352.53,786.43,398.84,674.55,376.81,527.46,352.53,627.19,309.43,747.03,352.53
658.98,357.45,785.64,405.11,674.11,382.42,527.33,357.45,626.79,313.16,746.44,357.45
657.86,362.44,784.85,411.49,673.67,388.13,527.2,362.44,626.39,316.94,745.86,362.44
656.74,367.49,784.05,417.96,673.23,393.91,527.07,367.49,625.99,320.76,745.27,367.49
655.62,372.61,783.26,424.54,672.78,399.79,526.93,372.61,625.59,324.63,744.68,372.61
654.5,377.81,782.46,431.22,672.33,405.75,526.79,377.81,625.19,328.54,744.09,377.81
653.38,383.08,781.66,438,671.87,411.8,526.65,383.08,624.79,332.51,743.5,383.08
652.26,388.42,780.85,444.89,671.41,417.94,526.51,388.42,624.39,336.51,742.9,388.42
651.14,393.84,780.05,451.89,670.94,424.17,526.37,393.84,623.99,340.57,742.31,393.84
650.02,399.33,779.24,459,670.47,430.49,526.23,399.33,623.59,344.68,741.71,399.33
648.9,404.9,778.42,466.23,670,436.91,526.08,404.9,623.19,348.84,741.12,404.9
647.77,410.55,777.61,473.56,669.52,443.43,525.93,410.55,622.79,353.04,740.52,410.55
646.65,416.27,776.79,481.01,669.03,450.04,525.78,416.27,622.39,357.3,739.92,416.27
645.53,422.08,775.98,488.58,668.54,456.75,525.62,422.08,622,361.61,739.32,422.08
644.41,427.96,775.15,496.27,668.05,463.56,525.47,427.96,621.6,365.97,738.72,427.96
643.28,433.93,774.33,504.08,667.55,470.47,525.31,433.93,621.2,370.38,738.12,433.93
642.16,439.98,773.5,512.01,667.04,477.49,525.15,439.98,620.8,374.85,737.52,439.98
641.03,446.12,772.67,520.07,666.53,484.61,524.99,446.12,620.4,379.37,736.91,446.12
639.91,452.34,771.84,528.25,666.02,491.83,524.82,452.34,620,383.94,736.31,452.34
638.78,458.65,771.01,536.56,665.49,499.17,524.66,458.65,619.6,388.57,735.7,458.65
637.66,465.04,770.17,545,664.97,506.61,524.49,465.04,619.21,393.26,735.09,465.04
636.53,471.53,769.33,553.58,664.44,514.16,524.31,471.53,618.81,398,734.48,471.53
635.41,478.1,768.49,562.29,663.9,521.83,524.14,478.1,618.41,402.8,733.87,478.1
634.28,484.77,767.64,571.14,663.36,529.61,523.96,484.77,618.01,407.65,733.26,484.77
633.16,491.53,766.79,580.12,662.81,537.51,523.78,491.53,617.62,412.57,732.65,491.53
632.03,498.39,765.94,589.25,662.25,545.52,523.6,498.39,617.22,417.54,732.03,498.39
630.9,505.34,765.09,598.52,661.69,553.65,523.42,505.34,616.82,422.58,731.42,505.34
629.77,512.38,764.23,607.94,661.13,561.91,523.23,512.38,616.42,427.67,730.8,512.38
628.64,519.53,763.37,617.51,660.56,570.29,523.04,519.53,616.03,432.83,730.18,519.53
627.52,526.77,762.51,627.22,659.98,578.79,522.85,526.77,615.63,438.05,729.56,526.77
626.39,534.12,761.64,637.09,659.4,587.42,522.65,534.12,615.23,443.33,728.94,534.12
625.26,541.57,760.77,647.11,658.81,596.18,522.46,541.57,614.84,448.68,728.31,541.57
624.13,549.12,759.9,657.3,658.21,605.07,522.26,549.12,614.44,454.09,727.69,549.12
623,556.78,759.02,667.64,657.61,614.09,522.05,556.78,614.05,459.56,727.06,556.78
621.87,564.54,758.14,678.14,657,623.25,521.85,564.54,613.65,465.11,726.44,564.54
620.74,572.42,757.26,688.81,656.39,632.54,521.64,572.42,613.25,470.71,725.81,572.42
619.61,580.4,756.37,699.65,655.77,641.97,521.43,580.4,612.86,476.39,725.18,580.4
618.47,588.49,755.49,710.66,655.14,651.54,521.22,588.49,612.46,482.13,724.55,588.49
617.34,596.7,754.59,721.84,654.51,661.26,521,596.7,612.07,487.95,723.91,596.7
616.21,605.02,753.7,733.2,653.87,671.12,520.78,605.02,611.67,493.83,723.28,605.02
615.08,613.46,752.8,744.74,653.22,681.12,520.56,613.46,611.28,499.79,722.64,613.46
613.94,622.01,751.9,756.46,652.57,691.28,520.33,622.01,610.88,505.81,722,622.01
612.81,630.69,750.99,768.36,651.91,701.59,520.11,630.69,610.49,511.91,721.36,630.69
611.67,639.48,750.08,780.45,651.24,712.05,519.87,639.48,610.09,518.09,720.72,639.48
610.54,648.4,749.17,792.73,650.57,722.66,519.64,648.4,609.7,524.33,720.08,648.4
609.4,657.44,748.26,805.2,649.89,733.44,519.4,657.44,609.31,530.66,719.44,657.44
608.27,666.61,747.34,817.87,649.2,744.37,519.16,666.61,608.91,537.05,718.79,666.61
607.13,675.91,746.41,830.74,648.51,755.47,518.92,675.91,608.52,543.53,718.14,675.91
605.99,685.33,745.49,843.81,647.81,766.74,518.67,685.33,608.12,550.08,717.49,685.33
604.86,694.89,744.56,857.09,647.1,778.17,518.42,694.89,607.73,556.72,716.84,694.89
603.72,704.58,743.62,870.57,646.38,789.77,518.17,704.58,607.34,563.43,716.19,704.58
602.58,714.4,742.69,884.27,645.66,801.55,517.91,714.4,606.95,570.22,715.53,714.4
601.44,724.37,741.74,898.18,644.93,813.5,517.66,724.37,606.55,577.1,714.88,724.37
600.3,734.47,740.8,912.32,644.19,825.63,517.39,734.47,606.16,584.06,714.22,734.47
599.16,744.71,739.85,926.67,643.45,837.94,517.13,744.71,605.77,591.1,713.56,744.71
598.02,755.1,738.9,941.25,642.7,850.43,516.86,755.1,605.38,598.23,712.9,755.1
596.88,765.63,737.94,956.06,641.94,863.11,516.59,765.63,604.98,605.44,712.24,765.63
595.74,776.3,736.98,971.11,641.17,875.98,516.31,776.3,604.59,612.74,711.57,776.3
594.6,787.13,736.02,986.39,640.39,889.05,516.03,787.13,604.2,620.13,710.91,787.13
593.46,798.11,735.05,1001.9,639.61,902.3,515.75,798.11,603.81,627.61,710.24,798.11
592.32,809.24,734.08,1017.7,638.82,915.75,515.47,809.24,603.42,635.18,709.57,809.24
591.17,820.52,733.1,1033.7,638.02,929.41,515.18,820.52,603.03,642.84,708.89,820.52
590.03,831.96,732.12,1049.9,637.22,943.27,514.88,831.96,602.64,650.59,708.22,831.96
588.88,843.57,731.14,1066.5,636.4,957.33,514.59,843.57,602.25,658.43,707.54,843.57
587.74,855.33,730.15,1083.2,635.58,971.61,514.29,855.33,601.86,666.37,706.87,855.33
586.59,867.26,729.16,1100.3,634.75,986.09,513.98,867.26,601.47,674.41,706.19,867.26
585.45,879.35,728.16,1117.6,633.91,1000.8,513.68,879.35,601.08,682.54,705.51,879.35
584.3,891.62,727.16,1135.2,633.06,1015.7,513.37,891.62,600.69,690.77,704.82,891.62
583.16,904.05,726.15,1153.1,632.21,1030.9,513.05,904.05,600.3,699.1,704.14,904.05
582.01,916.66,725.15,1171.2,631.35,1046.2,512.74,916.66,599.91,707.53,703.45,916.66
580.86,929.44,724.13,1189.6,630.48,1061.8,512.41,929.44,599.52,716.06,702.76,929.44
579.71,942.4,723.11,1208.3,629.6,1077.7,512.09,942.4,599.13,724.69,702.07,942.4
578.56,955.54,722.09,1227.4,628.71,1093.7,511.76,955.54,598.74,733.43,701.37,955.54
577.41,968.87,721.07,1246.7,627.82,1110,511.43,968.87,598.35,742.28,700.68,968.87
576.26,982.38,720.03,1266.3,626.92,1126.6,511.09,982.38,597.96,751.23,699.98,982.38
575.11,996.08,719,1286.2,626.01,1143.4,510.75,996.08,597.58,760.29,699.28,996.08
573.96,1010,717.96,1306.4,625.09,1160.4,510.41,1010,597.19,769.45,698.58,1010
572.81,1024.1,716.92,1327,624.17,1177.7,510.06,1024.1,596.8,778.73,697.88,1024.1
571.65,1038.3,715.87,1347.9,623.24,1195.3,509.71,1038.3,596.41,788.12,697.17,1038.3
570.5,1052.8,714.81,1369.1,622.31,1213.1,509.35,1052.8,596.03,797.63,696.46,1052.8
569.35,1067.5,713.76,1390.6,621.36,1231.2,508.99,1067.5,595.64,807.24,695.75,1067.5
568.19,1082.4,712.69,1412.5,620.42,1249.6,508.63,1082.4,595.25,816.98,695.04,1082.4
567.04,1097.5,711.63,1434.7,619.46,1268.2,508.26,1097.5,594.87,826.83,694.33,1097.5
565.88,1112.8,710.55,1457.3,618.5,1287.1,507.89,1112.8,594.48,836.8,693.61,1112.8
564.73,1128.3,709.48,1480.2,617.53,1306.3,507.52,1128.3,594.1,846.89,692.89,1128.3
563.57,1144,708.4,1503.5,616.56,1325.8,507.14,1144,593.71,857.1,692.17,1144
562.42,1160,707.31,1527.2,615.58,1345.5,506.76,1160,593.33,867.44,691.45,1160
561.26,1176.2,706.22,1551.2,614.6,1365.6,506.37,1176.2,592.94,877.9,690.72,1176.2
560.11,1192.6,705.12,1575.6,613.61,1386,505.98,1192.6,592.56,888.48,689.99,1192.6
558.95,1209.2,704.02,1600.4,612.62,1406.6,505.59,1209.2,592.17,899.2,689.26,1209.2
557.79,1226.1,702.92,1625.6,611.62,1427.6,505.19,1226.1,591.79,910.04,688.52,1226.1
556.64,1243.2,701.81,1651.2,610.62,1448.9,504.79,1243.2,591.4,921.01,687.79,1243.2
555.48,1260.5,700.7,1677.2,609.61,1470.5,504.39,1260.5,591.02,932.12,687.05,1260.5
554.32,1278.1,699.58,1703.5,608.6,1492.4,503.98,1278.1,590.64,943.36,686.31,1278.1
553.17,1295.9,698.45,1730.4,607.58,1514.7,503.57,1295.9,590.25,954.73,685.56,1295.9
552.01,1314,697.32,1757.6,606.56,1537.3,503.15,1314,589.87,966.24,684.81,1314
550.86,1332.3,696.19,1785.2,605.54,1560.2,502.73,1332.3,589.49,977.9,684.06,1332.3
549.7,1350.9,695.06,1813.3,604.51,1583.4,502.31,1350.9,589.1,989.69,683.31,1350.9
548.55,1369.7,693.92,1841.9,603.48,1607.1,501.88,1369.7,588.72,1001.6,682.55,1369.7
547.39,1388.8,692.77,1870.8,602.44,1631,501.45,1388.8,588.34,1013.7,681.8,1388.8
546.23,1408.2,691.62,1900.3,601.4,1655.3,501.02,1408.2,587.96,1025.9,681.03,1408.2
545.08,1427.8,690.47,1930.2,600.36,1680,500.58,1427.8,587.58,1038.3,680.27,1427.8
543.93,1447.7,689.32,1960.5,599.31,1705.1,500.14,1447.7,587.2,1050.8,679.5,1447.7
542.77,1467.9,688.16,1991.4,598.26,1730.5,499.7,1467.9,586.81,1063.5,678.73,1467.9
541.62,1488.4,686.99,2022.7,597.21,1756.3,499.25,1488.4,586.43,1076.3,677.95,1488.4
540.47,1509.1,685.82,2054.5,596.16,1782.5,498.8,1509.1,586.05,1089.3,677.18,1509.1
539.31,1530.2,684.65,2086.9,595.1,1809.1,498.34,1530.2,585.67,1102.4,676.4,1530.2
538.16,1551.5,683.48,2119.7,594.04,1836,497.89,1551.5,585.29,1115.7,675.61,1551.5
537.01,1573.2,682.3,2153.1,592.98,1863.4,497.43,1573.2,584.91,1129.2,674.82,1573.2
535.86,1595.1,681.12,2186.9,591.92,1891.2,496.96,1595.1,584.53,1142.8,674.03,1595.1
534.71,1617.3,679.94,2221.4,590.85,1919.4,496.49,1617.3,584.14,1156.6,673.24,1617.3
533.56,1639.9,678.75,2256.3,589.79,1948,496.02,1639.9,583.76,1170.5,672.44,1639.9
532.41,1662.8,677.56,2291.8,588.72,1977.1,495.55,1662.8,583.38,1184.6,671.64,1662.8
531.27,1686,676.37,2327.9,587.65,2006.5,495.07,1686,582.99,1198.9,670.84,1686
530.12,1709.5,675.17,2364.5,586.58,2036.4,494.58,1709.5,582.61,1213.4,670.03,1709.5
528.97,1733.3,673.97,2401.7,585.51,2066.8,494.1,1733.3,582.22,1228,669.22,1733.3
527.83,1757.5,672.77,2439.5,584.43,2097.6,493.61,1757.5,581.83,1242.8,668.4,1757.5
526.69,1782,671.56,2477.9,583.36,2128.9,493.12,1782,581.45,1257.8,667.59,1782
525.54,1806.8,670.35,2516.9,582.28,2160.6,492.62,1806.8,581.06,1273,666.77,1806.8
524.4,1832,669.14,2556.5,581.21,2192.9,492.12,1832,580.67,1288.3,665.94,1832
523.26,1857.6,667.92,2596.7,580.13,2225.6,491.62,1857.6,580.28,1303.8,665.12,1857.6
522.12,1883.5,666.7,2637.5,579.06,2258.7,491.12,1883.5,579.89,1319.6,664.29,1883.5
520.98,1909.8,665.48,2679,577.98,2292.4,490.61,1909.8,579.49,1335.5,663.45,1909.8
519.85,1936.4,664.25,2721.2,576.9,2326.6,490.1,1936.4,579.1,1351.6,662.62,1936.4
518.71,1963.4,663.02,2764,575.83,2361.3,489.58,1963.4,578.7,1367.9,661.78,1963.4
517.58,1990.8,661.79,2807.5,574.75,2396.5,489.06,1990.8,578.31,1384.4,660.93,1990.8
516.44,2018.5,660.55,2851.7,573.67,2432.2,488.54,2018.5,577.91,1401.1,660.09,2018.5
515.31,2046.7,659.31,2896.5,572.59,2468.5,488.02,2046.7,577.51,1418,659.24,2046.7
514.18,2075.2,658.06,2942.1,571.51,2505.3,487.49,2075.2,577.11,1435.1,658.38,2075.2
513.05,2104.2,656.81,2988.4,570.43,2542.7,486.96,2104.2,576.7,1452.4,657.53,2104.2
511.92,2133.5,655.55,3035.4,569.35,2580.6,486.43,2133.5,576.3,1469.9,656.67,2133.5
510.8,2163.3,654.3,3083.2,568.27,2619.1,485.89,2163.3,575.89,1487.6,655.8,2163.3
509.67,2193.4,653.03,3131.7,567.19,2658.1,485.35,2193.4,575.48,1505.5,654.94,2193.4
508.55,2224,651.77,3181,566.1,2697.7,484.8,2224,575.07,1523.7,654.07,2224
507.43,2255,650.5,3231,565.02,2738,484.26,2255,574.66,1542.1,653.2,2255
506.31,2286.5,649.22,3281.9,563.93,2778.8,483.71,2286.5,574.24,1560.7,652.32,2286.5
505.19,2318.4,647.94,3333.5,562.84,2820.2,483.15,2318.4,573.83,1579.5,651.44,2318.4
504.08,2350.7,646.66,3386,561.76,2862.3,482.6,2350.7,573.41,1598.5,650.56,2350.7
502.96,2383.5,645.37,3439.2,560.67,2904.9,482.04,2383.5,572.98,1617.8,649.67,2383.5
501.85,2416.7,644.08,3493.4,559.58,2948.3,481.48,2416.7,572.56,1637.3,648.79,2416.7
500.74,2450.4,642.79,3548.3,558.48,2992.2,480.91,2450.4,572.13,1657,647.89,2450.4
499.63,2484.6,641.48,3604.2,557.39,3036.8,480.35,2484.6,571.7,1677,647,2484.6
498.52,2519.2,640.18,3660.9,556.3,3082.1,479.78,2519.2,571.27,1697.2,646.1,2519.2
497.42,2554.4,638.87,3718.5,555.2,3128.1,479.2,2554.4,570.84,1717.7,645.2,2554.4
496.32,2590,637.56,3777,554.1,3174.7,478.63,2590,570.4,1738.4,644.3,2590
495.21,2626.1,636.24,3836.4,553,3222,478.05,2626.1,569.96,1759.4,643.39,2626.1
494.11,2662.7,634.91,3896.8,551.9,3270.1,477.47,2662.7,569.52,1780.6,642.48,2662.7
493.02,2699.9,633.58,3958.1,550.8,3318.8,476.89,2699.9,569.07,1802.1,641.57,2699.9
491.92,2737.5,632.25,4020.4,549.69,3368.3,476.3,2737.5,568.62,1823.8,640.65,2737.5
490.82,2775.7,630.91,4083.6,548.58,3418.6,475.71,2775.7,568.17,1845.8,639.73,2775.7
489.73,2814.4,629.57,4147.9,547.48,3469.5,475.12,2814.4,567.71,1868.1,638.81,2814.4
488.64,2853.7,628.22,4213.1,546.36,3521.3,474.53,2853.7,567.26,1890.6,637.88,2853.7
487.55,2893.4,626.86,4279.4,545.25,3573.8,473.93,2893.4,566.79,1913.4,636.95,2893.4
486.47,2933.8,625.5,4346.8,544.14,3627,473.33,2933.8,566.33,1936.4,636.02,2933.8
485.38,2974.7,624.13,4415.2,543.02,3681.1,472.73,2974.7,565.86,1959.8,635.09,2974.7
484.3,3016.2,622.76,4484.6,541.9,3736,472.13,3016.2,565.39,1983.4,634.15,3016.2
483.22,3058.3,621.38,4555.2,540.78,3791.7,471.53,3058.3,564.91,2007.3,633.21,3058.3
482.14,3100.9,619.99,4626.9,539.65,3848.3,470.92,3100.9,564.43,2031.5,632.26,3100.9
481.06,3144.2,618.6,4699.7,538.53,3905.6,470.31,3144.2,563.95,2056,631.31,3144.2
479.99,3188,617.2,4773.6,537.4,3963.9,469.7,3188,563.46,2080.8,630.36,3188
478.92,3232.5,615.79,4848.7,536.27,4023,469.09,3232.5,562.97,2105.9,629.41,3232.5
477.85,3277.5,614.37,4925,535.14,4083,468.47,3277.5,562.48,2131.3,628.45,3277.5
476.78,3323.2,612.95,5002.5,534,4143.8,467.85,3323.2,561.98,2157,627.49,3323.2
475.71,3369.6,611.52,5081.2,532.87,4205.6,467.23,3369.6,561.48,2183,626.53,3369.6
474.65,3416.6,610.08,5161.2,531.73,4268.3,466.61,3416.6,560.97,2209.4,625.57,3416.6
473.59,3464.2,608.64,5242.4,530.59,4332,465.99,3464.2,560.46,2236,624.6,3464.2
472.53,3512.5,607.18,5324.9,529.45,4396.6,465.36,3512.5,559.94,2263,623.63,3512.5
471.47,3561.5,605.72,5408.6,528.31,4462.1,464.74,3561.5,559.42,2290.2,622.65,3561.5
470.41,3611.2,604.25,5493.7,527.17,4528.6,464.11,3611.2,558.9,2317.9,621.67,3611.2
469.36,3661.5,602.77,5580.2,526.02,4596.2,463.48,3661.5,558.37,2345.8,620.69,3661.5
468.31,3712.6,601.28,5668,524.88,4664.7,462.85,3712.6,557.84,2374.1,619.71,3712.6
467.26,3764.4,599.78,5757.2,523.74,4734.2,462.21,3764.4,557.3,2402.7,618.72,3764.4
466.21,3816.9,598.27,5847.8,522.59,4804.8,461.58,3816.9,556.76,2431.7,617.73,3816.9
465.17,3870.1,596.76,5939.8,521.44,4876.5,460.94,3870.1,556.22,2461,616.74,3870.1
464.13,3924.1,595.23,6033.2,520.3,4949.2,460.3,3924.1,555.67,2490.7,615.75,3924.1
463.09,3978.8,593.7,6128.2,519.15,5023,459.66,3978.8,555.12,2520.7,614.75,3978.8
462.05,4034.3,592.16,6224.6,518.01,5097.9,459.02,4034.3,554.56,2551.1,613.75,4034.3
461.02,4090.5,590.6,6322.5,516.86,5173.9,458.38,4090.5,554,2581.9,612.75,4090.5
459.98,4147.6,589.04,6422,515.71,5251,457.73,4147.6,553.44,2613,611.74,4147.6
458.95,4205.4,587.47,6523.1,514.57,5329.3,457.09,4205.4,552.87,2644.5,610.74,4205.4
457.92,4264.1,585.89,6625.7,513.42,5408.8,456.44,4264.1,552.3,2676.4,609.73,4264.1
456.9,4323.5,584.3,6729.9,512.27,5489.4,455.79,4323.5,551.72,2708.7,608.72,4323.5
455.88,4383.8,582.7,6835.8,511.13,5571.3,455.14,4383.8,551.14,2741.3,607.71,4383.8
454.86,4445,581.1,6943.4,509.98,5654.4,454.49,4445,550.56,2774.4,606.69,4445
453.84,4506.9,579.48,7052.6,508.84,5738.7,453.84,4506.9,549.97,2807.9,605.68,4506.9
452.82,4569.8,577.86,7163.6,507.7,5824.2,453.19,4569.8,549.38,2841.7,604.67,4569.8
451.81,4633.5,576.22,7276.3,506.56,5911.1,452.53,4633.5,548.78,2876,603.65,4633.5
450.8,4698.1,574.58,7390.8,505.42,5999.2,451.88,4698.1,548.18,2910.7,602.64,4698.1
449.79,4763.7,572.93,7507.1,504.28,6088.7,451.22,4763.7,547.57,2945.8,601.62,4763.7
448.78,4830.1,571.26,7625.2,503.14,6179.4,450.56,4830.1,546.97,2981.3,600.61,4830.1
447.78,4897.4,569.59,7745.2,502,6271.6,449.91,4897.4,546.36,3017.2,599.59,4897.4
446.78,4965.7,567.91,7867.1,500.87,6365.1,449.25,4965.7,545.74,3053.6,598.57,4965.7
445.78,5035,566.23,7990.9,499.73,6460,448.59,5035,545.12,3090.4,597.56,5035
444.79,5105.2,564.53,8116.6,498.6,6556.3,447.93,5105.2,544.5,3127.7,596.54,5105.2
443.79,5176.4,562.82,8244.3,497.47,6654.1,447.27,5176.4,543.87,3165.4,595.53,5176.4
442.8,5248.6,561.11,8374,496.35,6753.3,446.61,5248.6,543.24,3203.6,594.52,5248.6
441.82,5321.8,559.38,8505.8,495.22,6854,445.94,5321.8,542.61,3242.2,593.5,5321.8
440.83,5396,557.65,8639.6,494.1,6956.2,445.28,5396,541.97,3281.3,592.49,5396
439.85,5471.2,555.91,8775.6,492.98,7059.9,444.62,5471.2,541.32,3320.9,591.48,5471.2
438.87,5547.5,554.17,8913.6,491.86,7165.2,443.95,5547.5,540.68,3360.9,590.47,5547.5
437.89,5624.9,552.42,9053.9,490.75,7272,443.29,5624.9,540.03,3401.4,589.47,5624.9
436.92,5703.3,550.66,9196.3,489.63,7380.4,442.62,5703.3,539.38,3442.5,588.46,5703.3
435.95,5782.9,548.89,9341,488.52,7490.5,441.96,5782.9,538.72,3484,587.46,5782.9
434.98,5863.5,547.12,9488,487.42,7602.2,441.29,5863.5,538.06,3526,586.46,5863.5
434.01,5945.3,545.34,9637.3,486.31,7715.5,440.62,5945.3,537.4,3568.5,585.46,5945.3
433.05,6028.2,543.56,9788.9,485.22,7830.5,439.96,6028.2,536.73,3611.5,584.46,6028.2
432.09,6112.3,541.77,9943,484.12,7947.3,439.29,6112.3,536.06,3655.1,583.47,6112.3
431.13,6197.5,539.98,10099,483.03,8065.8,438.62,6197.5,535.38,3699.1,582.48,6197.5
430.17,6283.9,538.18,10258,481.94,8186.1,437.96,6283.9,534.7,3743.8,581.49,6283.9
429.22,6371.6,536.38,10420,480.85,8308.1,437.29,6371.6,534.02,3788.9,580.5,6371.6
428.27,6460.4,534.58,10584,479.77,8432,436.62,6460.4,533.34,3834.6,579.51,6460.4
427.33,6550.5,532.77,10750,478.69,8557.7,435.95,6550.5,532.65,3880.8,578.53,6550.5
426.38,6641.9,530.96,10919,477.62,8685.3,435.28,6641.9,531.95,3927.6,577.55,6641.9
425.44,6734.5,529.15,11091,476.55,8814.8,434.61,6734.5,531.26,3975,576.57,6734.5
424.5,6828.4,527.34,11266,475.48,8946.3,433.95,6828.4,530.56,4022.9,575.59,6828.4
423.56,6923.6,525.52,11443,474.42,9079.6,433.28,6923.6,529.86,4071.4,574.62,6923.6
422.63,7020.2,523.7,11623,473.36,9215,432.61,7020.2,529.15,4120.5,573.64,7020.2
421.7,7118.1,521.88,11806,472.31,9352.4,431.94,7118.1,528.44,4170.2,572.67,7118.1
420.77,7217.3,520.06,11992,471.26,9491.9,431.27,7217.3,527.73,4220.5,571.7,7217.3
419.84,7318,518.24,12180,470.21,9633.4,430.61,7318,527.01,4271.4,570.74,7318
418.92,7420,516.42,12372,469.17,9777,429.94,7420,526.3,4322.9,569.77,7420
418,7523.5,514.59,12567,468.13,9922.8,429.27,7523.5,525.57,4375,568.81,7523.5
417.08,7628.4,512.77,12764,467.1,10071,428.6,7628.4,524.85,4427.8,567.85,7628.4
416.16,7734.8,510.95,12965,466.07,10221,427.94,7734.8,524.12,4481.1,566.89,7734.8
415.25,7842.7,509.12,13169,465.05,10373,427.27,7842.7,523.39,4535.2,565.93,7842.7
414.34,7952.1,507.3,13376,464.03,10528,426.6,7952.1,522.66,4589.9,564.98,7952.1
413.43,8063,505.48,13587,463.02,10685,425.94,8063,521.92,4645.2,564.03,8063
412.53,8175.4,503.65,13801,462.01,10844,425.27,8175.4,521.18,4701.2,563.08,8175.4
411.62,8289.4,501.83,14018,461.01,11006,424.61,8289.4,520.44,4757.9,562.13,8289.4
410.72,8405,500.01,14238,460.01,11170,423.94,8405,519.7,4815.3,561.18,8405
409.82,8522.2,498.2,14462,459.01,11337,423.28,8522.2,518.95,4873.4,560.24,8522.2
408.93,8641.1,496.38,14690,458.02,11506,422.61,8641.1,518.2,4932.1,559.3,8641.1
408.03,8761.6,494.56,14921,457.04,11677,421.95,8761.6,517.45,4991.6,558.36,8761.6
407.14,8883.7,492.75,15156,456.06,11851,421.29,8883.7,516.7,5051.8,557.42,8883.7
406.26,9007.6,490.94,15394,455.08,12028,420.63,9007.6,515.94,5112.7,556.48,9007.6
405.37,9133.2,489.13,15637,454.11,12207,419.97,9133.2,515.19,5174.3,555.55,9133.2
404.49,9260.6,487.33,15883,453.14,12389,419.31,9260.6,514.42,5236.7,554.61,9260.6
403.61,9389.8,485.53,16133,452.17,12574,418.65,9389.8,513.66,5299.9,553.68,9389.8
402.73,9520.7,483.73,16386,451.21,12762,417.99,9520.7,512.9,5363.8,552.75,9520.7
401.85,9653.5,481.93,16644,450.25,12952,417.33,9653.5,512.13,5428.5,551.82,9653.5
400.98,9788.1,480.14,16906,449.3,13145,416.67,9788.1,511.36,5493.9,550.89,9788.1
400.1,9924.6,478.35,17172,448.35,13341,416.02,9924.6,510.59,5560.2,549.96,9924.6
399.24,10063,476.57,17442,447.4,13540,415.36,10063,509.82,5627.2,549.03,10063
398.37,10203,474.79,17717,446.46,13742,414.71,10203,509.04,5695.1,548.1,10203
397.5,10346,473.02,17995,445.52,13947,414.06,10346,508.26,5763.7,547.18,10346
396.64,10490,471.25,18279,444.58,14155,413.4,10490,507.49,5833.2,546.25,10490
395.78,10636,469.49,18566,443.65,14366,412.75,10636,506.71,5903.6,545.33,10636
394.92,10785,467.73,18858,442.72,14580,412.1,10785,505.92,5974.8,544.4,10785
394.07,10935,465.97,19155,441.79,14797,411.46,10935,505.14,6046.8,543.48,10935
393.22,11087,464.23,19457,440.87,15018,410.81,11087,504.35,6119.7,542.56,11087
392.37,11242,462.48,19763,439.94,15242,410.16,11242,503.57,6193.5,541.63,11242
391.52,11399,460.75,20074,439.02,15469,409.52,11399,502.78,6268.2,540.71,11399
390.67,11558,459.02,20389,438.1,15700,408.87,11558,501.99,6343.8,539.79,11558
389.83,11719,457.3,20710,437.19,15934,408.23,11719,501.19,6420.3,538.86,11719
388.99,11882,455.58,21036,436.28,16171,407.59,11882,500.4,6497.7,537.94,11882
388.15,12048,453.88,21367,435.37,16413,406.95,12048,499.6,6576,537.02,12048
387.31,12216,452.18,21703,434.46,16657,406.31,12216,498.8,6655.3,536.09,12216
386.47,12386,450.48,22045,433.55,16906,405.67,12386,498,6735.6,535.17,12386
385.64,12559,448.8,22392,432.64,17158,405.04,12559,497.2,6816.8,534.25,12559
384.81,12734,447.12,22744,431.74,17414,404.4,12734,496.4,6899,533.32,12734
383.98,12912,445.45,23102,430.84,17673,403.77,12912,495.59,6982.2,532.4,12912
383.15,13092,443.79,23465,429.94,17937,403.13,13092,494.79,7066.4,531.47,13092
382.33,13275,442.14,23835,429.04,18204,402.5,13275,493.98,7151.6,530.54,13275
381.5,13460,440.5,24210,428.14,18476,401.87,13460,493.17,7237.8,529.62,13460
380.68,13647,438.87,24591,427.24,18751,401.25,13647,492.36,7325.1,528.69,13647
379.86,13838,437.24,24977,426.35,19031,400.62,13838,491.55,7413.4,527.76,13838
379.04,14031,435.63,25370,425.45,19314,399.99,14031,490.73,7502.8,526.83,14031
378.23,14226,434.02,25770,424.56,19602,399.37,14226,489.92,7593.3,525.89,14226
377.41,14425,432.43,26175,423.67,19895,398.75,14425,489.1,7684.9,524.96,14425
376.6,14626,430.85,26587,422.78,20191,398.12,14626,488.28,7777.5,524.03,14626
375.79,14830,429.27,27005,421.88,20492,397.5,14830,487.46,7871.3,523.09,14830
374.98,15037,427.71,27430,420.99,20798,396.89,15037,486.63,7966.2,522.15,15037
374.18,15246,426.16,27862,420.1,21108,396.27,15246,485.81,8062.3,521.22,15246
373.37,15459,424.62,28300,419.21,21423,395.65,15459,484.98,8159.5,520.28,15459
372.57,15674,423.09,28746,418.32,21742,395.04,15674,484.16,8257.9,519.33,15674
371.76,15893,421.57,29198,417.43,22066,394.43,15893,483.33,8357.5,518.39,15893
370.96,16115,420.06,29657,416.54,22395,393.82,16115,482.5,8458.2,517.44,16115
370.16,16339,418.56,30124,415.65,22729,393.21,16339,481.67,8560.2,516.5,16339
369.37,16567,417.08,30598,414.76,23068,392.6,16567,480.83,8663.5,515.55,16567
368.57,16798,415.6,31079,413.87,23412,391.99,16798,480,8767.9,514.59,16798
367.78,17033,414.13,31568,412.98,23761,391.39,17033,479.16,8873.6,513.64,17033
366.98,17270,412.67,32065,412.08,24115,390.78,17270,478.32,8980.7,512.68,17270
366.19,17511,411.23,32570,411.19,24475,390.18,17511,477.49,9088.9,511.72,17511
365.4,17755,409.79,33082,410.3,24840,389.58,17755,476.64,9198.5,510.76,17755
364.61,18003,408.37,33603,409.4,25210,388.98,18003,475.8,9309.5,509.8,18003
363.82,18254,406.95,34131,408.51,25586,388.38,18254,474.96,9421.7,508.83,18254
363.04,18508,405.55,34668,407.61,25968,387.79,18508,474.11,9535.3,507.86,18508
362.25,18766,404.16,35214,406.72,26355,387.2,18766,473.27,9650.3,506.89,18766
361.47,19028,402.77,35768,405.82,26748,386.6,19028,472.42,9766.7,505.92,19028
360.69,19294,401.4,36331,404.92,27147,386.01,19294,471.57,9884.4,504.94,19294
359.91,19563,400.04,36902,404.02,27551,385.42,19563,470.72,10004,503.96,19563
359.13,19835,398.68,37483,403.11,27962,384.84,19835,469.87,10124,502.97,19835
358.35,20112,397.34,38073,402.21,28379,384.25,20112,469.01,10246,501.98,20112
357.57,20392,396.01,38672,401.3,28802,383.67,20392,468.16,10370,500.99,20392
356.79,20677,394.69,39280,400.4,29232,383.09,20677,467.3,10495,500,20677
356.02,20965,393.38,39898,399.49,29668,382.51,20965,466.45,10621,499,20965
355.24,21258,392.08,40526,398.58,30110,381.93,21258,465.59,10750,498,21258
354.47,21554,390.78,41164,397.67,30559,381.35,21554,464.73,10879,497,21554
353.7,21855,389.5,41811,396.76,31015,380.77,21855,463.87,11010,495.99,21855
352.93,22159,388.23,42469,395.85,31477,380.2,22159,463,11143,494.98,22159
352.16,22468,386.97,43138,394.94,31946,379.63,22468,462.14,11277,493.96,22468
351.39,22782,385.72,43816,394.03,32423,379.06,22782,461.27,11413,492.94,22782
350.62,23099,384.48,44506,393.11,32906,378.49,23099,460.41,11551,491.92,23099
349.85,23422,383.25,45206,392.2,33397,377.93,23422,459.54,11690,490.89,23422
349.08,23748,382.03,45917,391.28,33895,377.36,23748,458.67,11831,489.85,23748
348.32,24079,380.82,46640,390.37,34400,376.8,24079,457.8,11974,488.82,24079
347.55,24415,379.62,47374,389.45,34913,376.24,24415,456.93,12118,487.78,24415
346.79,24756,378.43,48119,388.53,35434,375.68,24756,456.05,12265,486.73,24756
346.02,25101,377.25,48876,387.61,35962,375.12,25101,455.18,12412,485.68,25101
345.26,25451,376.07,49645,386.7,36498,374.57,25451,454.31,12562,484.63,25451
344.5,25806,374.91,50426,385.78,37042,374.02,25806,453.43,12714,483.57,25806
343.74,26166,373.76,51220,384.86,37595,373.46,26166,452.55,12867,482.5,26166
342.98,26531,372.62,52026,383.94,38155,372.92,26531,451.67,13022,481.43,26531
342.22,26901,371.49,52844,383.02,38724,372.37,26901,450.79,13179,480.36,26901
341.46,27276,370.37,53676,382.1,39301,371.82,27276,449.91,13338,479.28,27276
340.7,27656,369.26,54520,381.18,39887,371.28,27656,449.03,13499,478.2,27656
339.94,28042,368.15,55378,380.26,40482,370.74,28042,448.15,13662,477.11,28042
339.18,28433,367.06,56249,379.34,41086,370.2,28433,447.27,13826,476.01,28433
338.42,28829,365.98,57135,378.42,41698,369.66,28829,446.38,13993,474.92,28829
337.67,29231,364.91,58034,377.5,42320,369.13,29231,445.5,14162,473.82,29231
336.91,29639,363.84,58947,376.58,42951,368.59,29639,444.61,14332,472.71,29639
336.15,30052,362.79,59874,375.66,43592,368.06,30052,443.72,14505,471.6,30052
335.4,30471,361.75,60816,374.74,44242,367.53,30471,442.83,14680,470.48,30471
334.64,30896,360.71,61773,373.82,44901,367,30896,441.94,14857,469.37,30896
333.89,31327,359.69,62745,372.9,45571,366.48,31327,441.05,15036,468.24,31327
333.14,31764,358.67,63732,371.98,46250,365.95,31764,440.16,15218,467.12,31764
332.38,32207,357.67,64735,371.06,46940,365.43,32207,439.27,15401,465.99,32207
331.63,32656,356.67,65754,370.14,47640,364.91,32656,438.38,15587,464.86,32656
330.88,33112,355.68,66788,369.22,48350,364.39,33112,437.48,15775,463.72,33112
330.13,33573,354.71,67839,368.31,49071,363.88,33573,436.59,15965,462.58,33573
329.38,34042,353.74,68907,367.39,49803,363.36,34042,435.69,16158,461.44,34042
328.63,34516,352.78,69991,366.47,50545,362.85,34516,434.8,16352,460.3,34516
327.88,34998,351.83,71092,365.55,51299,362.34,34998,433.9,16550,459.15,34998
327.13,35486,350.9,72211,364.64,52064,361.83,35486,433,16749,458,35486
326.38,35981,349.97,73347,363.72,52840,361.32,35981,432.1,16951,456.85,35981
325.63,36482,349.05,74501,362.81,53628,360.82,36482,431.2,17156,455.69,36482
324.88,36991,348.13,75673,361.9,54427,360.32,36991,430.3,17362,454.54,36991
324.14,37507,347.23,76864,360.98,55239,359.81,37507,429.4,17572,453.38,37507
323.39,38030,346.34,78073,360.07,56063,359.32,38030,428.5,17784,452.22,38030
322.64,38560,345.46,79302,359.16,56898,358.82,38560,427.6,17998,451.06,38560
321.9,39098,344.58,80550,358.25,57747,358.32,39098,426.7,18215,449.89,39098
321.15,39643,343.72,81817,357.34,58608,357.83,39643,425.79,18435,448.73,39643
320.41,40196,342.86,83104,356.43,59482,357.34,40196,424.89,18657,447.56,40196
319.67,40757,342.02,84412,355.52,60369,356.85,40757,423.99,18882,446.39,40757
318.92,41325,341.18,85740,354.62,61269,356.36,41325,423.08,19110,445.22,41325
318.18,41901,340.35,87089,353.71,62182,355.87,41901,422.18,19340,444.05,41901
317.44,42486,339.54,88459,352.81,63109,355.39,42486,421.27,19573,442.88,42486
316.69,43078,338.73,89851,351.91,64050,354.91,43078,420.36,19809,441.7,43078
315.95,43679,337.93,91265,351.01,65005,354.43,43679,419.45,20048,440.53,43679
315.21,44288,337.14,92701,350.11,65975,353.95,44288,418.55,20290,439.36,44288
314.47,44906,336.35,94160,349.21,66958,353.47,44906,417.64,20535,438.18,44906
313.73,45532,335.58,95641,348.31,67957,353,45532,416.73,20782,437.01,45532
312.99,46167,334.82,97146,347.41,68970,352.52,46167,415.82,21033,435.83,46167
312.25,46811,334.06,98675,346.52,69998,352.05,46811,414.91,21286,434.66,46811
311.51,47463,333.32,1.0023e+05,345.63,71042,351.58,47463,414,21543,433.48,47463
310.77,48125,332.58,1.018e+05,344.74,72101,351.11,48125,413.09,21803,432.31,48125
310.04,48796,331.85,1.0341e+05,343.85,73176,350.65,48796,412.18,22066,431.13,48796
309.3,49477,331.13,1.0503e+05,342.96,74268,350.18,49477,411.27,22332,429.96,49477
308.56,50167,330.42,1.0669e+05,342.07,75375,349.72,50167,410.36,22601,428.79,50167
307.83,50867,329.72,1.0836e+05,341.19,76499,349.26,50867,409.45,22874,427.61,50867
307.09,51576,329.03,1.1007e+05,340.31,77639,348.8,51576,408.53,23149,426.44,51576
306.35,52295,328.34,1.118e+05,339.43,78797,348.35,52295,407.62,23429,425.27,52295
305.62,53024,327.67,1.1356e+05,338.55,79972,347.89,53024,406.71,23711,424.1,53024
304.88,53764,327,1.1535e+05,337.67,81164,347.44,53764,405.8,23997,422.93,53764
304.15,54514,326.34,1.1716e+05,336.8,82374,346.99,54514,404.88,24286,421.76,54514
303.41,55274,325.69,1.1901e+05,335.93,83603,346.54,55274,403.97,24579,420.6,55274
302.68,56045,325.05,1.2088e+05,335.06,84849,346.09,56045,403.05,24876,419.43,56045
301.95,56826,324.42,1.2278e+05,334.19,86114,345.65,56826,402.14,25176,418.27,56826
301.22,57619,323.79,1.2471e+05,333.32,87398,345.2,57619,401.23,25479,417.11,57619
300.48,58422,323.17,1.2667e+05,332.46,88701,344.76,58422,400.31,25786,415.95,58422
299.75,59237,322.56,1.2867e+05,331.6,90024,344.32,59237,399.4,26097,414.79,59237
299.02,60063,321.95,1.3069e+05,330.74,91366,343.88,60063,398.48,26412,413.64,60063
298.29,60901,321.35,1.3275e+05,329.88,92729,343.44,60901,397.57,26731,412.48,60901
297.56,61750,320.76,1.3484e+05,329.03,94111,343.01,61750,396.65,27053,411.33,61750
296.83,62611,320.18,1.3696e+05,328.18,95515,342.58,62611,395.74,27379,410.19,62611
296.1,63484,319.6,1.3911e+05,327.33,96939,342.14,63484,394.82,27709,409.04,63484
295.37,64369,319.03,1.413e+05,326.48,98384,341.72,64369,393.91,28043,407.9,64369
294.64,65267,318.47,1.4353e+05,325.64,99851,341.29,65267,392.99,28381,406.76,65267
293.91,66177,317.91,1.4578e+05,324.8,1.0134e+05,340.86,66177,392.08,28724,405.62,66177
293.18,67100,317.36,1.4808e+05,323.96,1.0285e+05,340.44,67100,391.16,29070,404.49,67100
292.45,68036,316.81,1.5041e+05,323.12,1.0438e+05,340.01,68036,390.25,29421,403.36,68036
291.73,68985,316.27,1.5277e+05,322.29,1.0594e+05,339.59,68985,389.33,29775,402.23,68985
291,69947,315.73,1.5518e+05,321.46,1.0752e+05,339.17,69947,388.42,30134,401.11,69947
290.27,70922,315.21,1.5762e+05,320.63,1.0912e+05,338.76,70922,387.5,30498,399.99,70922
289.54,71911,314.68,1.601e+05,319.81,1.1075e+05,338.34,71911,386.59,30865,398.88,71911
288.82,72914,314.16,1.6262e+05,318.99,1.124e+05,337.93,72914,385.67,31238,397.77,72914
288.09,73931,313.65,1.6518e+05,318.17,1.1408e+05,337.52,73931,384.76,31614,396.66,73931
287.37,74962,313.14,1.6778e+05,317.35,1.1578e+05,337.11,74962,383.84,31996,395.56,74962
286.64,76007,312.64,1.7042e+05,316.54,1.1751e+05,336.7,76007,382.93,32381,394.46,76007
285.92,77067,312.14,1.731e+05,315.73,1.1926e+05,336.29,77067,382.01,32772,393.36,77067
285.19,78142,311.65,1.7582e+05,314.92,1.2104e+05,335.89,78142,381.1,33167,392.27,78142
284.47,79232,311.16,1.7859e+05,314.12,1.2284e+05,335.48,79232,380.19,33567,391.19,79232
283.74,80336,310.67,1.814e+05,313.32,1.2467e+05,335.08,80336,379.27,33972,390.11,80336
283.02,81457,310.19,1.8425e+05,312.53,1.2653e+05,334.68,81457,378.36,34381,389.03,81457
282.3,82593,309.72,1.8715e+05,311.73,1.2842e+05,334.28,82593,377.45,34796,387.96,82593
281.57,83745,309.24,1.901e+05,310.94,1.3033e+05,333.89,83745,376.53,35215,386.9,83745
280.85,84912,308.78,1.9309e+05,310.16,1.3228e+05,333.49,84912,375.62,35640,385.84,84912
280.13,86097,308.31,1.9613e+05,309.38,1.3425e+05,333.1,86097,374.71,36070,384.78,86097
279.41,87297,307.85,1.9921e+05,308.6,1.3625e+05,332.71,87297,373.8,36505,383.73,87297
278.68,88515,307.39,2.0235e+05,307.82,1.3828e+05,332.32,88515,372.88,36945,382.69,88515
277.96,89749,306.94,2.0553e+05,307.05,1.4034e+05,331.93,89749,371.97,37390,381.65,89749
277.24,91001,306.49,2.0876e+05,306.28,1.4243e+05,331.55,91001,371.06,37841,380.62,91001
276.52,92270,306.04,2.1205e+05,305.52,1.4456e+05,331.16,92270,370.15,38298,379.6,92270
275.8,93556,305.6,2.1539e+05,304.76,1.4671e+05,330.78,93556,369.24,38759,378.58,93556
275.08,94861,305.16,2.1877e+05,304,1.489e+05,330.4,94861,368.33,39227,377.57,94861
274.36,96184,304.72,2.2222e+05,303.25,1.5112e+05,330.02,96184,367.42,39700,376.56,96184
273.64,97525,304.29,2.2571e+05,302.5,1.5338e+05,329.64,97525,366.51,40179,375.56,97525
272.92,98885,303.86,2.2926e+05,301.76,1.5566e+05,329.27,98885,365.61,40663,374.57,98885
272.2,1.0026e+05,303.43,2.3287e+05,301.02,1.5798e+05,328.89,1.0026e+05,364.7,41153,373.58,1.0026e+05
271.48,1.0166e+05,303.01,2.3654e+05,300.28,1.6034e+05,328.52,1.0166e+05,363.79,41650,372.6,1.0166e+05
270.76,1.0308e+05,302.59,2.4026e+05,299.55,1.6273e+05,328.15,1.0308e+05,362.88,42152,371.63,1.0308e+05
270.04,1.0452e+05,302.17,2.4404e+05,298.82,1.6516e+05,327.78,1.0452e+05,361.98,42660,370.66,1.0452e+05
269.33,1.0598e+05,301.75,2.4788e+05,298.1,1.6762e+05,327.41,1.0598e+05,361.07,43174,369.71,1.0598e+05
268.61,1.0745e+05,301.34,2.5178e+05,297.38,1.7012e+05,327.05,1.0745e+05,360.17,43695,368.76,1.0745e+05
267.89,1.0895e+05,300.92,2.5574e+05,296.66,1.7265e+05,326.68,1.0895e+05,359.26,44222,367.81,1.0895e+05
267.17,1.1047e+05,300.51,2.5976e+05,295.95,1.7523e+05,326.32,1.1047e+05,358.36,44755,366.88,1.1047e+05
266.46,1.1201e+05,300.11,2.6385e+05,295.24,1.7784e+05,325.96,1.1201e+05,357.46,45295,365.95,1.1201e+05
265.74,1.1357e+05,299.7,2.68e+05,294.54,1.8049e+05,325.6,1.1357e+05,356.56,45841,365.03,1.1357e+05
265.02,1.1516e+05,299.3,2.7222e+05,293.84,1.8318e+05,325.25,1.1516e+05,355.65,46394,364.12,1.1516e+05
264.31,1.1676e+05,298.9,2.765e+05,293.15,1.8592e+05,324.89,1.1676e+05,354.75,46953,363.21,1.1676e+05
263.59,1.1839e+05,298.5,2.8085e+05,292.46,1.8869e+05,324.54,1.1839e+05,353.85,47519,362.31,1.1839e+05
262.87,1.2004e+05,298.1,2.8527e+05,291.77,1.915e+05,324.18,1.2004e+05,352.95,48092,361.42,1.2004e+05
262.16,1.2172e+05,297.7,2.8976e+05,291.09,1.9436e+05,323.83,1.2172e+05,352.05,48672,360.54,1.2172e+05
261.44,1.2341e+05,297.31,2.9432e+05,290.41,1.9725e+05,323.49,1.2341e+05,351.16,49259,359.66,1.2341e+05
260.73,1.2514e+05,296.92,2.9895e+05,289.74,2.0019e+05,323.14,1.2514e+05,350.26,49853,358.79,1.2514e+05
260.01,1.2688e+05,296.53,3.0365e+05,289.07,2.0318e+05,322.79,1.2688e+05,349.36,50454,357.92,1.2688e+05
259.3,1.2865e+05,296.14,3.0843e+05,288.4,2.0621e+05,322.45,1.2865e+05,348.47,51063,357.06,1.2865e+05
258.58,1.3044e+05,295.75,3.1329e+05,287.74,2.0928e+05,322.11,1.3044e+05,347.57,51678,356.21,1.3044e+05
257.87,1.3226e+05,295.37,3.1821e+05,287.08,2.124e+05,321.77,1.3226e+05,346.68,52302,355.37,1.3226e+05
257.16,1.3411e+05,294.98,3.2322e+05,286.42,2.1557e+05,321.43,1.3411e+05,345.79,52932,354.53,1.3411e+05
256.44,1.3598e+05,294.6,3.2831e+05,285.77,2.1879e+05,321.09,1.3598e+05,344.9,53570,353.7,1.3598e+05
255.73,1.3787e+05,294.22,3.3347e+05,285.12,2.2205e+05,320.75,1.3787e+05,344,54216,352.87,1.3787e+05
255.01,1.398e+05,293.84,3.3872e+05,284.48,2.2536e+05,320.42,1.398e+05,343.11,54870,352.06,1.398e+05
254.3,1.4175e+05,293.47,3.4405e+05,283.84,2.2872e+05,320.09,1.4175e+05,342.22,55532,351.24,1.4175e+05
253.59,1.4372e+05,293.09,3.4946e+05,283.2,2.3213e+05,319.76,1.4372e+05,341.34,56201,350.44,1.4372e+05
252.87,1.4573e+05,292.72,3.5496e+05,282.57,2.3559e+05,319.43,1.4573e+05,340.45,56879,349.63,1.4573e+05
252.16,1.4776e+05,292.35,3.6055e+05,281.93,2.391e+05,319.1,1.4776e+05,339.56,57565,348.84,1.4776e+05
251.45,1.4982e+05,291.97,3.6622e+05,281.3,2.4267e+05,318.77,1.4982e+05,338.68,58259,348.05,1.4982e+05
250.74,1.5191e+05,291.61,3.7198e+05,280.68,2.4629e+05,318.45,1.5191e+05,337.79,58962,347.27,1.5191e+05
250.03,1.5403e+05,291.24,3.7784e+05,280.06,2.4996e+05,318.13,1.5403e+05,336.91,59673,346.49,1.5403e+05
249.31,1.5618e+05,290.87,3.8378e+05,279.44,2.5369e+05,317.81,1.5618e+05,336.03,60392,345.72,1.5618e+05
248.6,1.5835e+05,290.5,3.8982e+05,278.82,2.5747e+05,317.49,1.5835e+05,335.15,61120,344.95,1.5835e+05
247.89,1.6056e+05,290.14,3.9595e+05,278.21,2.6131e+05,317.17,1.6056e+05,334.27,61857,344.19,1.6056e+05
247.18,1.628e+05,289.78,4.0218e+05,277.6,2.652e+05,316.85,1.628e+05,333.39,62603,343.44,1.628e+05
246.47,1.6507e+05,289.42,4.0851e+05,276.99,2.6916e+05,316.54,1.6507e+05,332.51,63358,342.69,1.6507e+05
245.76,1.6737e+05,289.06,4.1494e+05,276.38,2.7317e+05,316.22,1.6737e+05,331.64,64122,341.94,1.6737e+05
245.05,1.6971e+05,288.7,4.2147e+05,275.78,2.7724e+05,315.91,1.6971e+05,330.76,64895,341.21,1.6971e+05
244.34,1.7207e+05,288.34,4.281e+05,275.18,2.8138e+05,315.6,1.7207e+05,329.89,65678,340.47,1.7207e+05
243.63,1.7447e+05,287.98,4.3484e+05,274.58,2.8557e+05,315.29,1.7447e+05,329.02,66470,339.74,1.7447e+05
242.92,1.7691e+05,287.62,4.4168e+05,273.98,2.8983e+05,314.99,1.7691e+05,328.14,67271,339.02,1.7691e+05
242.21,1.7937e+05,287.27,4.4863e+05,273.39,2.9415e+05,314.68,1.7937e+05,327.27,68082,338.3,1.7937e+05
241.5,1.8187e+05,286.92,4.5569e+05,272.8,2.9854e+05,314.38,1.8187e+05,326.4,68903,337.59,1.8187e+05
240.79,1.8441e+05,286.56,4.6286e+05,272.21,3.0299e+05,314.08,1.8441e+05,325.54,69734,336.88,1.8441e+05
240.08,1.8698e+05,286.21,4.7014e+05,271.63,3.0751e+05,313.78,1.8698e+05,324.67,70575,336.17,1.8698e+05
239.37,1.8959e+05,285.86,4.7754e+05,271.04,3.1209e+05,313.48,1.8959e+05,323.81,71426,335.47,1.8959e+05
238.66,1.9223e+05,285.51,4.8505e+05,270.46,3.1675e+05,313.18,1.9223e+05,322.94,72287,334.78,1.9223e+05
237.95,1.9492e+05,285.16,4.9268e+05,269.88,3.2147e+05,312.88,1.9492e+05,322.08,73159,334.09,1.9492e+05
237.24,1.9763e+05,284.81,5.0043e+05,269.31,3.2626e+05,312.59,1.9763e+05,321.22,74041,333.4,1.9763e+05
236.53,2.0039e+05,284.46,5.0831e+05,268.73,3.3113e+05,312.3,2.0039e+05,320.36,74934,332.72,2.0039e+05
235.82,2.0318e+05,284.12,5.1631e+05,268.16,3.3606e+05,312.01,2.0318e+05,319.5,75838,332.04,2.0318e+05
235.11,2.0602e+05,283.77,5.2443e+05,267.59,3.4107e+05,311.72,2.0602e+05,318.65,76752,331.37,2.0602e+05
234.41,2.0889e+05,283.42,5.3268e+05,267.03,3.4616e+05,311.43,2.0889e+05,317.79,77678,330.7,2.0889e+05
233.7,2.118e+05,283.08,5.4106e+05,266.46,3.5132e+05,311.14,2.118e+05,316.94,78614,330.04,2.118e+05
232.99,2.1476e+05,282.74,5.4958e+05,265.9,3.5656e+05,310.86,2.1476e+05,316.08,79562,329.38,2.1476e+05
232.28,2.1775e+05,282.39,5.5822e+05,265.34,3.6188e+05,310.57,2.1775e+05,315.23,80522,328.72,2.1775e+05
231.57,2.2079e+05,282.05,5.6701e+05,264.78,3.6727e+05,310.29,2.2079e+05,314.38,81493,328.07,2.2079e+05
230.87,2.2387e+05,281.71,5.7593e+05,264.22,3.7275e+05,310.01,2.2387e+05,313.54,82475,327.42,2.2387e+05
230.16,2.2699e+05,281.37,5.8499e+05,263.66,3.7831e+05,309.73,2.2699e+05,312.69,83470,326.77,2.2699e+05
229.45,2.3015e+05,281.03,5.9419e+05,263.11,3.8395e+05,309.46,2.3015e+05,311.85,84476,326.13,2.3015e+05
228.74,2.3336e+05,280.69,6.0354e+05,262.56,3.8967e+05,309.18,2.3336e+05,311,85495,325.49,2.3336e+05
228.04,2.3662e+05,280.35,6.1304e+05,262.01,3.9548e+05,308.91,2.3662e+05,310.16,86526,324.86,2.3662e+05
227.33,2.3992e+05,280.01,6.2269e+05,261.46,4.0138e+05,308.63,2.3992e+05,309.32,87569,324.23,2.3992e+05
226.62,2.4326e+05,279.67,6.3248e+05,260.92,4.0736e+05,308.36,2.4326e+05,308.48,88625,323.6,2.4326e+05
225.92,2.4666e+05,279.34,6.4244e+05,260.37,4.1344e+05,308.09,2.4666e+05,307.65,89694,322.98,2.4666e+05
225.21,2.501e+05,279,6.5254e+05,259.83,4.196e+05,307.83,2.501e+05,306.81,90775,322.35,2.501e+05
224.5,2.5358e+05,278.67,6.6281e+05,259.29,4.2586e+05,307.56,2.5358e+05,305.98,91870,321.74,2.5358e+05
223.8,2.5712e+05,278.33,6.7324e+05,258.75,4.3221e+05,307.29,2.5712e+05,305.15,92978,321.12,2.5712e+05
223.09,2.6071e+05,278,6.8383e+05,258.21,4.3865e+05,307.03,2.6071e+05,304.32,94099,320.51,2.6071e+05
222.39,2.6434e+05,277.67,6.9459e+05,257.68,4.4519e+05,306.77,2.6434e+05,303.49,95233,319.9,2.6434e+05
221.68,2.6803e+05,277.34,7.0552e+05,257.15,4.5183e+05,306.51,2.6803e+05,302.67,96382,319.29,2.6803e+05
220.97,2.7177e+05,277.01,7.1662e+05,256.61,4.5857e+05,306.25,2.7177e+05,301.84,97544,318.69,2.7177e+05
220.27,2.7556e+05,276.68,7.279e+05,256.08,4.654e+05,305.99,2.7556e+05,301.02,98720,318.09,2.7556e+05
219.56,2.794e+05,276.35,7.3935e+05,255.55,4.7234e+05,305.74,2.794e+05,300.2,99910,317.49,2.794e+05
218.86,2.8329e+05,276.03,7.5099e+05,255.03,4.7939e+05,305.48,2.8329e+05,299.38,1.0112e+05,316.9,2.8329e+05
218.15,2.8725e+05,275.7,7.628e+05,254.5,4.8653e+05,305.23,2.8725e+05,298.56,1.0233e+05,316.31,2.8725e+05
217.45,2.9125e+05,275.38,7.748e+05,253.97,4.9379e+05,304.98,2.9125e+05,297.75,1.0357e+05,315.72,2.9125e+05
216.74,2.9531e+05,275.05,7.87e+05,253.45,5.0115e+05,304.73,2.9531e+05,296.94,1.0482e+05,315.13,2.9531e+05
216.04,2.9943e+05,274.73,7.9938e+05,252.93,5.0862e+05,304.48,2.9943e+05,296.13,1.0608e+05,314.54,2.9943e+05
215.33,3.0361e+05,274.41,8.1196e+05,252.41,5.1621e+05,304.23,3.0361e+05,295.32,1.0736e+05,313.96,3.0361e+05
214.63,3.0784e+05,274.09,8.2473e+05,251.89,5.239e+05,303.98,3.0784e+05,294.51,1.0865e+05,313.38,3.0784e+05
213.92,3.1213e+05,273.77,8.3771e+05,251.37,5.3172e+05,303.74,3.1213e+05,293.7,1.0997e+05,312.8,3.1213e+05
213.22,3.1649e+05,273.46,8.5089e+05,250.85,5.3964e+05,303.49,3.1649e+05,292.9,1.1129e+05,312.22,3.1649e+05
212.51,3.209e+05,273.14,8.6428e+05,250.34,5.4769e+05,303.25,3.209e+05,292.1,1.1263e+05,311.65,3.209e+05
211.81,3.2538e+05,272.83,8.7788e+05,249.82,5.5586e+05,303.01,3.2538e+05,291.3,1.1399e+05,311.08,3.2538e+05
211.1,3.2991e+05,272.52,8.9169e+05,249.31,5.6414e+05,302.76,3.2991e+05,290.5,1.1537e+05,310.51,3.2991e+05
210.4,3.3451e+05,272.2,9.0572e+05,248.79,5.7256e+05,302.52,3.3451e+05,289.7,1.1676e+05,309.94,3.3451e+05
209.69,3.3918e+05,271.89,9.1997e+05,248.28,5.8109e+05,302.29,3.3918e+05,288.91,1.1816e+05,309.38,3.3918e+05
208.99,3.4391e+05,271.59,9.3445e+05,247.77,5.8976e+05,302.05,3.4391e+05,288.12,1.1959e+05,308.81,3.4391e+05
208.28,3.487e+05,271.28,9.4915e+05,247.26,5.9855e+05,301.81,3.487e+05,287.32,1.2103e+05,308.25,3.487e+05
207.58,3.5357e+05,270.97,9.6408e+05,246.75,6.0748e+05,301.57,3.5357e+05,286.53,1.2249e+05,307.69,3.5357e+05
206.88,3.585e+05,270.67,9.7925e+05,246.25,6.1653e+05,301.34,3.585e+05,285.74,1.2397e+05,307.13,3.585e+05
206.17,3.635e+05,270.37,9.9466e+05,245.74,6.2573e+05,301.1,3.635e+05,284.96,1.2546e+05,306.57,3.635e+05
205.47,3.6857e+05,270.06,1.0103e+06,245.23,6.3506e+05,300.87,3.6857e+05,284.17,1.2698e+05,306.02,3.6857e+05
204.76,3.7371e+05,269.76,1.0262e+06,244.73,6.4452e+05,300.64,3.7371e+05,283.39,1.2851e+05,305.46,3.7371e+05
204.06,3.7892e+05,269.46,1.0424e+06,244.23,6.5413e+05,300.41,3.7892e+05,282.6,1.3006e+05,304.91,3.7892e+05
203.36,3.842e+05,269.17,1.0588e+06,243.72,6.6389e+05,300.17,3.842e+05,281.82,1.3162e+05,304.36,3.842e+05
202.65,3.8956e+05,268.87,1.0754e+06,243.22,6.7379e+05,299.94,3.8956e+05,281.04,1.3321e+05,303.81,3.8956e+05
201.95,3.9499e+05,268.57,1.0923e+06,242.72,6.8383e+05,299.71,3.9499e+05,280.26,1.3482e+05,303.26,3.9499e+05
201.25,4.005e+05,268.28,1.1095e+06,242.22,6.9403e+05,299.48,4.005e+05,279.48,1.3644e+05,302.71,4.005e+05
200.54,4.0609e+05,267.98,1.127e+06,241.72,7.0438e+05,299.26,4.0609e+05,278.7,1.3809e+05,302.17,4.0609e+05
199.84,4.1175e+05,267.69,1.1447e+06,241.22,7.1488e+05,299.03,4.1175e+05,277.92,1.3975e+05,301.62,4.1175e+05
199.13,4.1749e+05,267.4,1.1627e+06,240.72,7.2554e+05,298.8,4.1749e+05,277.15,1.4144e+05,301.08,4.1749e+05
198.43,4.2331e+05,267.11,1.181e+06,240.22,7.3636e+05,298.57,4.2331e+05,276.37,1.4314e+05,300.53,4.2331e+05
197.73,4.2922e+05,266.82,1.1996e+06,239.72,7.4734e+05,298.35,4.2922e+05,275.6,1.4487e+05,299.99,4.2922e+05
197.02,4.352e+05,266.53,1.2185e+06,239.22,7.5848e+05,298.12,4.352e+05,274.82,1.4662e+05,299.45,4.352e+05
196.32,4.4127e+05,266.24,1.2377e+06,238.72,7.6979e+05,297.9,4.4127e+05,274.05,1.4839e+05,298.91,4.4127e+05
195.62,4.4742e+05,265.95,1.2571e+06,238.23,7.8127e+05,297.67,4.4742e+05,273.28,1.5017e+05,298.37,4.4742e+05
194.91,4.5366e+05,265.66,1.2769e+06,237.73,7.9292e+05,297.45,4.5366e+05,272.51,1.5199e+05,297.83,4.5366e+05
194.21,4.5999e+05,265.37,1.297e+06,237.24,8.0474e+05,297.22,4.5999e+05,271.73,1.5382e+05,297.3,4.5999e+05
193.51,4.6641e+05,265.08,1.3174e+06,236.74,8.1674e+05,297,4.6641e+05,270.96,1.5567e+05,296.76,4.6641e+05
192.8,4.7291e+05,264.8,1.3381e+06,236.24,8.2891e+05,296.77,4.7291e+05,270.19,1.5755e+05,296.22,4.7291e+05
192.1,4.795e+05,264.51,1.3592e+06,235.75,8.4127e+05,296.55,4.795e+05,269.42,1.5945e+05,295.68,4.795e+05
191.4,4.8619e+05,264.23,1.3806e+06,235.25,8.5382e+05,296.33,4.8619e+05,268.65,1.6137e+05,295.15,4.8619e+05
190.69,4.9297e+05,263.94,1.4023e+06,234.76,8.6655e+05,296.1,4.9297e+05,267.88,1.6332e+05,294.61,4.9297e+05
189.99,4.9985e+05,263.66,1.4244e+06,234.27,8.7947e+05,295.88,4.9985e+05,267.11,1.6529e+05,294.08,4.9985e+05
189.29,5.0682e+05,263.37,1.4468e+06,233.77,8.9258e+05,295.66,5.0682e+05,266.35,1.6728e+05,293.54,5.0682e+05
188.59,5.1388e+05,263.09,1.4695e+06,233.28,9.0589e+05,295.44,5.1388e+05,265.58,1.693e+05,293.01,5.1388e+05
187.88,5.2105e+05,262.8,1.4927e+06,232.78,9.194e+05,295.21,5.2105e+05,264.81,1.7134e+05,292.47,5.2105e+05
187.18,5.2832e+05,262.52,1.5161e+06,232.29,9.3311e+05,294.99,5.2832e+05,264.04,1.7341e+05,291.94,5.2832e+05
186.48,5.3568e+05,262.23,1.54e+06,231.79,9.4702e+05,294.77,5.3568e+05,263.27,1.755e+05,291.4,5.3568e+05
